date,run,replicate,location,value,site
3/08/2017,1,1,LBN,10,NorthShore
3/08/2017,1,2,LBN,31,NorthShore
3/08/2017,1,3,LBN,10,NorthShore
3/08/2017,2,1,LBN,10,NorthShore
3/08/2017,2,2,LBN,10,NorthShore
3/08/2017,2,3,LBN,10,NorthShore
3/08/2017,3,1,LBN,10,NorthShore
3/08/2017,3,2,LBN,10,NorthShore
3/08/2017,3,3,LBN,10,NorthShore
9/08/2017,1,1,LBN,122,NorthShore
9/08/2017,1,2,LBN,160,NorthShore
9/08/2017,1,3,LBN,63,NorthShore
9/08/2017,2,1,LBN,959,NorthShore
9/08/2017,2,3,LBN,988,NorthShore
9/08/2017,3,1,LBN,563,NorthShore
9/08/2017,3,2,LBN,521,NorthShore
18/08/2017,1,1,LBN,10,NorthShore
18/08/2017,1,2,LBN,10,NorthShore
18/08/2017,1,3,LBN,10,NorthShore
18/08/2017,2,1,LBN,10,NorthShore
18/08/2017,2,2,LBN,20,NorthShore
18/08/2017,2,3,LBN,10,NorthShore
18/08/2017,3,1,LBN,10,NorthShore
18/08/2017,3,2,LBN,10,NorthShore
18/08/2017,3,3,LBN,10,NorthShore
28/08/2017,1,1,LBN,75,NorthShore
28/08/2017,1,2,LBN,10,NorthShore
28/08/2017,1,3,LBN,10,NorthShore
28/08/2017,2,1,LBN,97,NorthShore
28/08/2017,2,2,LBN,63,NorthShore
28/08/2017,2,3,LBN,31,NorthShore
28/08/2017,3,1,LBN,10,NorthShore
28/08/2017,3,2,LBN,10,NorthShore
28/08/2017,3,3,LBN,10,NorthShore
14/09/2017,1,1,LBN,10,NorthShore
14/09/2017,1,2,LBN,10,NorthShore
14/09/2017,1,3,LBN,10,NorthShore
14/09/2017,2,1,LBN,10,NorthShore
14/09/2017,2,2,LBN,10,NorthShore
14/09/2017,2,3,LBN,10,NorthShore
14/09/2017,3,1,LBN,52,NorthShore
14/09/2017,3,2,LBN,63,NorthShore
14/09/2017,3,3,LBN,30,NorthShore
18/09/2017,1,1,LBN,10,NorthShore
18/09/2017,1,2,LBN,10,NorthShore
18/09/2017,1,3,LBN,10,NorthShore
18/09/2017,2,1,LBN,350,NorthShore
18/09/2017,2,2,LBN,288,NorthShore
18/09/2017,2,3,LBN,548,NorthShore
18/09/2017,3,1,LBN,41,NorthShore
18/09/2017,3,2,LBN,52,NorthShore
18/09/2017,3,3,LBN,20,NorthShore
27/09/2017,1,1,LBN,31,NorthShore
27/09/2017,1,2,LBN,41,NorthShore
27/09/2017,1,3,LBN,31,NorthShore
27/09/2017,2,1,LBN,10,NorthShore
27/09/2017,2,2,LBN,10,NorthShore
27/09/2017,2,3,LBN,20,NorthShore
27/09/2017,3,1,LBN,10,NorthShore
27/09/2017,3,2,LBN,10,NorthShore
27/09/2017,3,3,LBN,10,NorthShore
3/08/2017,1,1,LBC,10,NorthShore
3/08/2017,1,2,LBC,31,NorthShore
3/08/2017,1,3,LBC,10,NorthShore
3/08/2017,2,1,LBC,10,NorthShore
3/08/2017,2,2,LBC,10,NorthShore
3/08/2017,2,3,LBC,20,NorthShore
3/08/2017,3,1,LBC,10,NorthShore
3/08/2017,3,2,LBC,10,NorthShore
3/08/2017,3,3,LBC,10,NorthShore
9/08/2017,1,1,LBC,148,NorthShore
9/08/2017,1,2,LBC,122,NorthShore
9/08/2017,1,3,LBC,146,NorthShore
9/08/2017,2,1,LBC,537,NorthShore
9/08/2017,2,2,LBC,663,NorthShore
9/08/2017,2,3,LBC,657,NorthShore
9/08/2017,3,1,LBC,301,NorthShore
9/08/2017,3,2,LBC,443,NorthShore
9/08/2017,3,3,LBC,231,NorthShore
18/08/2017,1,1,LBC,10,NorthShore
18/08/2017,1,2,LBC,10,NorthShore
18/08/2017,1,3,LBC,10,NorthShore
18/08/2017,2,1,LBC,20,NorthShore
18/08/2017,2,2,LBC,10,NorthShore
18/08/2017,2,3,LBC,31,NorthShore
18/08/2017,3,1,LBC,10,NorthShore
18/08/2017,3,2,LBC,10,NorthShore
18/08/2017,3,3,LBC,10,NorthShore
28/08/2017,1,1,LBC,41,NorthShore
28/08/2017,1,2,LBC,41,NorthShore
28/08/2017,1,3,LBC,31,NorthShore
28/08/2017,2,1,LBC,10,NorthShore
28/08/2017,2,2,LBC,10,NorthShore
28/08/2017,2,3,LBC,10,NorthShore
28/08/2017,3,1,LBC,10,NorthShore
28/08/2017,3,2,LBC,10,NorthShore
28/08/2017,3,3,LBC,10,NorthShore
14/09/2017,1,1,LBC,10,NorthShore
14/09/2017,1,2,LBC,10,NorthShore
14/09/2017,1,3,LBC,10,NorthShore
14/09/2017,2,1,LBC,10,NorthShore
14/09/2017,2,2,LBC,31,NorthShore
14/09/2017,2,3,LBC,20,NorthShore
14/09/2017,3,1,LBC,10,NorthShore
14/09/2017,3,2,LBC,10,NorthShore
14/09/2017,3,3,LBC,10,NorthShore
18/09/2017,1,1,LBC,20,NorthShore
18/09/2017,1,2,LBC,10,NorthShore
18/09/2017,1,3,LBC,20,NorthShore
18/09/2017,2,1,LBC,41,NorthShore
18/09/2017,2,2,LBC,63,NorthShore
18/09/2017,2,3,LBC,41,NorthShore
18/09/2017,3,1,LBC,10,NorthShore
18/09/2017,3,2,LBC,10,NorthShore
18/09/2017,3,3,LBC,10,NorthShore
27/09/2017,1,1,LBC,20,NorthShore
27/09/2017,1,2,LBC,52,NorthShore
27/09/2017,1,3,LBC,97,NorthShore
27/09/2017,2,1,LBC,10,NorthShore
27/09/2017,2,2,LBC,10,NorthShore
27/09/2017,2,3,LBC,10,NorthShore
27/09/2017,3,1,LBC,10,NorthShore
27/09/2017,3,2,LBC,10,NorthShore
27/09/2017,3,3,LBC,10,NorthShore
3/08/2017,1,1,LBS,20,NorthShore
3/08/2017,1,2,LBS,10,NorthShore
3/08/2017,1,3,LBS,63,NorthShore
3/08/2017,2,1,LBS,10,NorthShore
3/08/2017,2,2,LBS,10,NorthShore
3/08/2017,2,3,LBS,10,NorthShore
3/08/2017,3,1,LBS,20,NorthShore
3/08/2017,3,2,LBS,10,NorthShore
3/08/2017,3,3,LBS,10,NorthShore
9/08/2017,1,1,LBS,884,NorthShore
9/08/2017,1,2,LBS,909,NorthShore
9/08/2017,1,3,LBS,657,NorthShore
9/08/2017,2,1,LBS,857,NorthShore
9/08/2017,2,3,LBS,754,NorthShore
18/08/2017,1,1,LBS,10,NorthShore
18/08/2017,1,2,LBS,20,NorthShore
18/08/2017,1,3,LBS,31,NorthShore
18/08/2017,2,1,LBS,41,NorthShore
18/08/2017,2,2,LBS,31,NorthShore
18/08/2017,2,3,LBS,20,NorthShore
18/08/2017,3,1,LBS,52,NorthShore
18/08/2017,3,2,LBS,74,NorthShore
18/08/2017,3,3,LBS,41,NorthShore
28/08/2017,1,1,LBS,84,NorthShore
28/08/2017,1,2,LBS,279,NorthShore
28/08/2017,1,3,LBS,197,NorthShore
28/08/2017,2,1,LBS,52,NorthShore
28/08/2017,2,2,LBS,63,NorthShore
28/08/2017,2,3,LBS,20,NorthShore
28/08/2017,3,1,LBS,20,NorthShore
28/08/2017,3,2,LBS,10,NorthShore
28/08/2017,3,3,LBS,10,NorthShore
14/09/2017,1,1,LBS,10,NorthShore
14/09/2017,1,2,LBS,10,NorthShore
14/09/2017,1,3,LBS,10,NorthShore
14/09/2017,2,1,LBS,10,NorthShore
14/09/2017,2,2,LBS,10,NorthShore
14/09/2017,2,3,LBS,10,NorthShore
14/09/2017,3,1,LBS,10,NorthShore
14/09/2017,3,2,LBS,10,NorthShore
14/09/2017,3,3,LBS,10,NorthShore
18/09/2017,1,1,LBS,30,NorthShore
18/09/2017,1,2,LBS,31,NorthShore
18/09/2017,1,3,LBS,20,NorthShore
18/09/2017,2,1,LBS,10,NorthShore
18/09/2017,2,2,LBS,10,NorthShore
18/09/2017,2,3,LBS,10,NorthShore
18/09/2017,3,1,LBS,10,NorthShore
18/09/2017,3,2,LBS,10,NorthShore
18/09/2017,3,3,LBS,10,NorthShore
27/09/2017,1,1,LBS,602,NorthShore
27/09/2017,1,2,LBS,706,NorthShore
27/09/2017,1,3,LBS,809,NorthShore
27/09/2017,2,1,LBS,75,NorthShore
27/09/2017,2,2,LBS,75,NorthShore
27/09/2017,2,3,LBS,63,NorthShore
27/09/2017,3,1,LBS,160,NorthShore
27/09/2017,3,2,LBS,145,NorthShore
27/09/2017,3,3,LBS,218,NorthShore
3/08/2017,1,1,WAN,52,NorthShore
3/08/2017,1,2,WAN,98,NorthShore
3/08/2017,1,3,WAN,75,NorthShore
3/08/2017,2,1,WAN,31,NorthShore
3/08/2017,2,2,WAN,10,NorthShore
3/08/2017,2,3,WAN,20,NorthShore
3/08/2017,3,1,WAN,20,NorthShore
3/08/2017,3,2,WAN,20,NorthShore
3/08/2017,3,3,WAN,10,NorthShore
9/08/2017,1,1,WAN,733,NorthShore
18/08/2017,1,1,WAN,91,NorthShore
18/08/2017,1,2,WAN,71,NorthShore
18/08/2017,1,3,WAN,51,NorthShore
18/08/2017,2,1,WAN,52,NorthShore
18/08/2017,2,2,WAN,75,NorthShore
18/08/2017,2,3,WAN,41,NorthShore
18/08/2017,3,1,WAN,63,NorthShore
18/08/2017,3,2,WAN,97,NorthShore
18/08/2017,3,3,WAN,318,NorthShore
28/08/2017,2,1,WAN,10,NorthShore
28/08/2017,2,2,WAN,20,NorthShore
28/08/2017,2,3,WAN,31,NorthShore
28/08/2017,3,1,WAN,31,NorthShore
28/08/2017,3,2,WAN,10,NorthShore
28/08/2017,3,3,WAN,10,NorthShore
14/09/2017,1,1,WAN,86,NorthShore
14/09/2017,1,2,WAN,52,NorthShore
14/09/2017,1,3,WAN,31,NorthShore
14/09/2017,2,1,WAN,10,NorthShore
14/09/2017,2,2,WAN,10,NorthShore
14/09/2017,2,3,WAN,10,NorthShore
14/09/2017,3,1,WAN,10,NorthShore
14/09/2017,3,2,WAN,10,NorthShore
14/09/2017,3,3,WAN,10,NorthShore
18/09/2017,2,1,WAN,644,NorthShore
18/09/2017,2,2,WAN,733,NorthShore
18/09/2017,2,3,WAN,712,NorthShore
18/09/2017,3,1,WAN,145,NorthShore
18/09/2017,3,2,WAN,135,NorthShore
18/09/2017,3,3,WAN,146,NorthShore
27/09/2017,1,1,WAN,75,NorthShore
27/09/2017,1,2,WAN,132,NorthShore
27/09/2017,1,3,WAN,31,NorthShore
27/09/2017,2,1,WAN,31,NorthShore
27/09/2017,2,2,WAN,86,NorthShore
27/09/2017,2,3,WAN,41,NorthShore
27/09/2017,3,1,WAN,20,NorthShore
27/09/2017,3,2,WAN,52,NorthShore
27/09/2017,3,3,WAN,20,NorthShore
3/08/2017,1,1,WAC,52,NorthShore
3/08/2017,1,2,WAC,75,NorthShore
3/08/2017,1,3,WAC,98,NorthShore
3/08/2017,2,1,WAC,20,NorthShore
3/08/2017,2,2,WAC,30,NorthShore
3/08/2017,2,3,WAC,31,NorthShore
3/08/2017,3,1,WAC,52,NorthShore
3/08/2017,3,2,WAC,10,NorthShore
3/08/2017,3,3,WAC,31,NorthShore
9/08/2017,1,1,WAC,226,NorthShore
9/08/2017,1,2,WAC,97,NorthShore
9/08/2017,1,3,WAC,109,NorthShore
9/08/2017,3,1,WAC,160,NorthShore
9/08/2017,3,2,WAC,75,NorthShore
9/08/2017,3,3,WAC,336,NorthShore
18/08/2017,1,1,WAC,30,NorthShore
18/08/2017,1,2,WAC,52,NorthShore
18/08/2017,1,3,WAC,63,NorthShore
18/08/2017,2,1,WAC,146,NorthShore
18/08/2017,2,2,WAC,226,NorthShore
18/08/2017,2,3,WAC,109,NorthShore
18/08/2017,3,1,WAC,63,NorthShore
18/08/2017,3,2,WAC,97,NorthShore
18/08/2017,3,3,WAC,97,NorthShore
28/08/2017,1,1,WAC,97,NorthShore
28/08/2017,1,2,WAC,41,NorthShore
28/08/2017,1,3,WAC,20,NorthShore
28/08/2017,2,1,WAC,20,NorthShore
28/08/2017,2,2,WAC,74,NorthShore
28/08/2017,2,3,WAC,41,NorthShore
28/08/2017,3,1,WAC,10,NorthShore
28/08/2017,3,2,WAC,10,NorthShore
28/08/2017,3,3,WAC,10,NorthShore
14/09/2017,1,1,WAC,10,NorthShore
14/09/2017,1,2,WAC,20,NorthShore
14/09/2017,1,3,WAC,10,NorthShore
14/09/2017,2,1,WAC,10,NorthShore
14/09/2017,2,2,WAC,10,NorthShore
14/09/2017,2,3,WAC,10,NorthShore
14/09/2017,3,1,WAC,10,NorthShore
14/09/2017,3,2,WAC,10,NorthShore
14/09/2017,3,3,WAC,10,NorthShore
18/09/2017,1,2,WAC,857,NorthShore
18/09/2017,1,3,WAC,581,NorthShore
18/09/2017,2,1,WAC,441,NorthShore
18/09/2017,2,2,WAC,738,NorthShore
18/09/2017,2,3,WAC,350,NorthShore
18/09/2017,3,1,WAC,20,NorthShore
18/09/2017,3,2,WAC,86,NorthShore
18/09/2017,3,3,WAC,30,NorthShore
27/09/2017,1,1,WAC,512,NorthShore
27/09/2017,1,2,WAC,243,NorthShore
27/09/2017,1,3,WAC,253,NorthShore
27/09/2017,2,1,WAC,30,NorthShore
27/09/2017,2,2,WAC,52,NorthShore
27/09/2017,2,3,WAC,10,NorthShore
27/09/2017,3,1,WAC,41,NorthShore
27/09/2017,3,2,WAC,10,NorthShore
27/09/2017,3,3,WAC,20,NorthShore
3/08/2017,1,1,WAS,146,NorthShore
3/08/2017,1,2,WAS,84,NorthShore
3/08/2017,1,3,WAS,122,NorthShore
3/08/2017,2,1,WAS,41,NorthShore
3/08/2017,2,2,WAS,41,NorthShore
3/08/2017,2,3,WAS,41,NorthShore
3/08/2017,3,1,WAS,30,NorthShore
3/08/2017,3,2,WAS,20,NorthShore
3/08/2017,3,3,WAS,20,NorthShore
9/08/2017,1,1,WAS,181,NorthShore
9/08/2017,1,2,WAS,399,NorthShore
9/08/2017,1,3,WAS,275,NorthShore
9/08/2017,3,1,WAS,816,NorthShore
9/08/2017,3,2,WAS,663,NorthShore
9/08/2017,3,3,WAS,771,NorthShore
18/08/2017,1,1,WAS,52,NorthShore
18/08/2017,1,2,WAS,62,NorthShore
18/08/2017,1,3,WAS,223,NorthShore
18/08/2017,2,1,WAS,789,NorthShore
18/08/2017,2,2,WAS,650,NorthShore
18/08/2017,2,3,WAS,576,NorthShore
18/08/2017,3,1,WAS,63,NorthShore
18/08/2017,3,2,WAS,74,NorthShore
18/08/2017,3,3,WAS,85,NorthShore
28/08/2017,1,1,WAS,52,NorthShore
28/08/2017,1,2,WAS,109,NorthShore
28/08/2017,1,3,WAS,52,NorthShore
28/08/2017,2,1,WAS,52,NorthShore
28/08/2017,2,2,WAS,121,NorthShore
28/08/2017,2,3,WAS,31,NorthShore
28/08/2017,3,1,WAS,31,NorthShore
28/08/2017,3,2,WAS,52,NorthShore
28/08/2017,3,3,WAS,74,NorthShore
14/09/2017,1,1,WAS,20,NorthShore
14/09/2017,1,2,WAS,10,NorthShore
14/09/2017,1,3,WAS,10,NorthShore
14/09/2017,2,1,WAS,10,NorthShore
14/09/2017,2,2,WAS,10,NorthShore
14/09/2017,2,3,WAS,10,NorthShore
14/09/2017,3,1,WAS,10,NorthShore
14/09/2017,3,2,WAS,10,NorthShore
14/09/2017,3,3,WAS,52,NorthShore
18/09/2017,1,1,WAS,31,NorthShore
18/09/2017,1,2,WAS,10,NorthShore
18/09/2017,1,3,WAS,20,NorthShore
18/09/2017,2,1,WAS,110,NorthShore
18/09/2017,2,2,WAS,134,NorthShore
18/09/2017,2,3,WAS,122,NorthShore
18/09/2017,3,1,WAS,86,NorthShore
18/09/2017,3,2,WAS,52,NorthShore
18/09/2017,3,3,WAS,41,NorthShore
27/09/2017,1,1,WAS,20,NorthShore
27/09/2017,1,2,WAS,52,NorthShore
27/09/2017,1,3,WAS,63,NorthShore
27/09/2017,2,1,WAS,10,NorthShore
27/09/2017,2,2,WAS,10,NorthShore
27/09/2017,2,3,WAS,10,NorthShore
27/09/2017,3,1,WAS,110,NorthShore
27/09/2017,3,2,WAS,135,NorthShore
27/09/2017,3,3,WAS,187,NorthShore
3/08/2017,1,1,BBN,41,NorthShore
3/08/2017,1,2,BBN,31,NorthShore
3/08/2017,1,3,BBN,10,NorthShore
3/08/2017,2,1,BBN,41,NorthShore
3/08/2017,2,2,BBN,74,NorthShore
3/08/2017,2,3,BBN,20,NorthShore
3/08/2017,3,1,BBN,10,NorthShore
3/08/2017,3,2,BBN,30,NorthShore
3/08/2017,3,3,BBN,41,NorthShore
9/08/2017,1,1,BBN,813,NorthShore
9/08/2017,1,2,BBN,697,NorthShore
9/08/2017,1,3,BBN,620,NorthShore
9/08/2017,2,1,BBN,528,NorthShore
9/08/2017,2,3,BBN,884,NorthShore
18/08/2017,1,1,BBN,10,NorthShore
18/08/2017,1,2,BBN,30,NorthShore
18/08/2017,1,3,BBN,10,NorthShore
18/08/2017,2,1,BBN,52,NorthShore
18/08/2017,2,2,BBN,74,NorthShore
18/08/2017,2,3,BBN,63,NorthShore
18/08/2017,3,1,BBN,134,NorthShore
18/08/2017,3,2,BBN,10,NorthShore
18/08/2017,3,3,BBN,52,NorthShore
28/08/2017,1,1,BBN,63,NorthShore
28/08/2017,1,2,BBN,97,NorthShore
28/08/2017,1,3,BBN,41,NorthShore
28/08/2017,2,1,BBN,10,NorthShore
28/08/2017,2,2,BBN,31,NorthShore
28/08/2017,2,3,BBN,10,NorthShore
28/08/2017,3,1,BBN,20,NorthShore
28/08/2017,3,2,BBN,30,NorthShore
28/08/2017,3,3,BBN,20,NorthShore
14/09/2017,1,1,BBN,10,NorthShore
14/09/2017,1,2,BBN,10,NorthShore
14/09/2017,1,3,BBN,10,NorthShore
14/09/2017,2,1,BBN,10,NorthShore
14/09/2017,2,2,BBN,10,NorthShore
14/09/2017,2,3,BBN,20,NorthShore
14/09/2017,3,1,BBN,10,NorthShore
14/09/2017,3,2,BBN,10,NorthShore
14/09/2017,3,3,BBN,10,NorthShore
18/09/2017,1,1,BBN,185,NorthShore
18/09/2017,1,2,BBN,226,NorthShore
18/09/2017,1,3,BBN,134,NorthShore
18/09/2017,2,1,BBN,20,NorthShore
18/09/2017,2,2,BBN,20,NorthShore
18/09/2017,2,3,BBN,20,NorthShore
18/09/2017,3,1,BBN,10,NorthShore
18/09/2017,3,2,BBN,10,NorthShore
18/09/2017,3,3,BBN,10,NorthShore
27/09/2017,1,1,BBN,41,NorthShore
27/09/2017,1,2,BBN,85,NorthShore
27/09/2017,1,3,BBN,41,NorthShore
27/09/2017,2,1,BBN,109,NorthShore
27/09/2017,2,2,BBN,173,NorthShore
27/09/2017,2,3,BBN,135,NorthShore
27/09/2017,3,1,BBN,63,NorthShore
27/09/2017,3,2,BBN,41,NorthShore
27/09/2017,3,3,BBN,41,NorthShore
3/08/2017,1,1,BBC,41,NorthShore
3/08/2017,1,2,BBC,86,NorthShore
3/08/2017,1,3,BBC,52,NorthShore
3/08/2017,2,1,BBC,63,NorthShore
3/08/2017,2,2,BBC,41,NorthShore
3/08/2017,2,3,BBC,41,NorthShore
3/08/2017,3,1,BBC,31,NorthShore
3/08/2017,3,2,BBC,31,NorthShore
3/08/2017,3,3,BBC,10,NorthShore
9/08/2017,1,1,BBC,336,NorthShore
9/08/2017,1,2,BBC,441,NorthShore
9/08/2017,1,3,BBC,624,NorthShore
9/08/2017,2,1,BBC,185,NorthShore
9/08/2017,2,2,BBC,97,NorthShore
9/08/2017,2,3,BBC,63,NorthShore
9/08/2017,3,1,BBC,605,NorthShore
9/08/2017,3,2,BBC,602,NorthShore
9/08/2017,3,3,BBC,537,NorthShore
18/08/2017,1,1,BBC,10,NorthShore
18/08/2017,1,2,BBC,10,NorthShore
18/08/2017,1,3,BBC,10,NorthShore
18/08/2017,2,1,BBC,20,NorthShore
18/08/2017,2,2,BBC,10,NorthShore
18/08/2017,2,3,BBC,10,NorthShore
18/08/2017,3,1,BBC,10,NorthShore
18/08/2017,3,2,BBC,10,NorthShore
18/08/2017,3,3,BBC,10,NorthShore
28/08/2017,2,1,BBC,10,NorthShore
28/08/2017,2,2,BBC,20,NorthShore
28/08/2017,2,3,BBC,74,NorthShore
28/08/2017,3,1,BBC,10,NorthShore
28/08/2017,3,2,BBC,10,NorthShore
28/08/2017,3,3,BBC,31,NorthShore
14/09/2017,1,1,BBC,10,NorthShore
14/09/2017,1,2,BBC,10,NorthShore
14/09/2017,1,3,BBC,10,NorthShore
14/09/2017,2,1,BBC,10,NorthShore
14/09/2017,2,2,BBC,10,NorthShore
14/09/2017,2,3,BBC,10,NorthShore
14/09/2017,3,1,BBC,10,NorthShore
14/09/2017,3,2,BBC,10,NorthShore
14/09/2017,3,3,BBC,10,NorthShore
18/09/2017,1,1,BBC,10,NorthShore
18/09/2017,1,2,BBC,30,NorthShore
18/09/2017,1,3,BBC,30,NorthShore
18/09/2017,2,1,BBC,10,NorthShore
18/09/2017,2,2,BBC,10,NorthShore
18/09/2017,2,3,BBC,10,NorthShore
18/09/2017,3,1,BBC,10,NorthShore
18/09/2017,3,2,BBC,10,NorthShore
18/09/2017,3,3,BBC,10,NorthShore
27/09/2017,1,1,BBC,52,NorthShore
27/09/2017,1,2,BBC,63,NorthShore
27/09/2017,1,3,BBC,98,NorthShore
27/09/2017,2,1,BBC,10,NorthShore
27/09/2017,2,2,BBC,10,NorthShore
27/09/2017,2,3,BBC,10,NorthShore
27/09/2017,3,1,BBC,10,NorthShore
27/09/2017,3,2,BBC,10,NorthShore
27/09/2017,3,3,BBC,10,NorthShore
3/08/2017,1,1,BBS,31,NorthShore
3/08/2017,1,2,BBS,51,NorthShore
3/08/2017,1,3,BBS,10,NorthShore
3/08/2017,2,1,BBS,41,NorthShore
3/08/2017,2,2,BBS,41,NorthShore
3/08/2017,2,3,BBS,31,NorthShore
3/08/2017,3,1,BBS,20,NorthShore
3/08/2017,3,2,BBS,31,NorthShore
3/08/2017,3,3,BBS,52,NorthShore
9/08/2017,1,1,BBS,135,NorthShore
9/08/2017,1,2,BBS,134,NorthShore
9/08/2017,1,3,BBS,279,NorthShore
9/08/2017,2,1,BBS,189,NorthShore
9/08/2017,2,2,BBS,218,NorthShore
9/08/2017,2,3,BBS,228,NorthShore
9/08/2017,3,1,BBS,813,NorthShore
9/08/2017,3,2,BBS,644,NorthShore
9/08/2017,3,3,BBS,733,NorthShore
18/08/2017,1,1,BBS,20,NorthShore
18/08/2017,1,2,BBS,62,NorthShore
18/08/2017,1,3,BBS,20,NorthShore
18/08/2017,2,1,BBS,20,NorthShore
18/08/2017,2,2,BBS,20,NorthShore
18/08/2017,2,3,BBS,52,NorthShore
18/08/2017,3,1,BBS,10,NorthShore
18/08/2017,3,2,BBS,75,NorthShore
18/08/2017,3,3,BBS,10,NorthShore
28/08/2017,1,1,BBS,158,NorthShore
28/08/2017,1,2,BBS,122,NorthShore
28/08/2017,1,3,BBS,145,NorthShore
28/08/2017,2,1,BBS,84,NorthShore
28/08/2017,2,2,BBS,85,NorthShore
28/08/2017,2,3,BBS,52,NorthShore
28/08/2017,3,1,BBS,121,NorthShore
28/08/2017,3,2,BBS,160,NorthShore
28/08/2017,3,3,BBS,201,NorthShore
14/09/2017,1,1,BBS,10,NorthShore
14/09/2017,1,2,BBS,10,NorthShore
14/09/2017,1,3,BBS,10,NorthShore
14/09/2017,2,1,BBS,10,NorthShore
14/09/2017,2,2,BBS,10,NorthShore
14/09/2017,2,3,BBS,10,NorthShore
14/09/2017,3,1,BBS,10,NorthShore
14/09/2017,3,2,BBS,10,NorthShore
14/09/2017,3,3,BBS,10,NorthShore
18/09/2017,1,1,BBS,10,NorthShore
18/09/2017,1,2,BBS,20,NorthShore
18/09/2017,1,3,BBS,10,NorthShore
18/09/2017,2,1,BBS,63,NorthShore
18/09/2017,2,2,BBS,30,NorthShore
18/09/2017,2,3,BBS,75,NorthShore
18/09/2017,3,1,BBS,10,NorthShore
18/09/2017,3,2,BBS,41,NorthShore
18/09/2017,3,3,BBS,31,NorthShore
27/09/2017,1,1,BBS,20,NorthShore
27/09/2017,1,2,BBS,10,NorthShore
27/09/2017,1,3,BBS,10,NorthShore
27/09/2017,2,1,BBS,10,NorthShore
27/09/2017,2,3,BBS,10,NorthShore
27/09/2017,3,1,BBS,10,NorthShore
27/09/2017,3,2,BBS,10,NorthShore
27/09/2017,3,3,BBS,10,NorthShore
3/08/2017,1,1,MAN,31,NorthShore
3/08/2017,1,2,MAN,10,NorthShore
3/08/2017,1,3,MAN,20,NorthShore
3/08/2017,2,1,MAN,10,NorthShore
3/08/2017,2,2,MAN,10,NorthShore
3/08/2017,2,3,MAN,10,NorthShore
3/08/2017,3,1,MAN,20,NorthShore
3/08/2017,3,2,MAN,10,NorthShore
3/08/2017,3,3,MAN,20,NorthShore
9/08/2017,1,1,MAN,733,NorthShore
9/08/2017,1,2,MAN,670,NorthShore
9/08/2017,1,3,MAN,960,NorthShore
9/08/2017,2,1,MAN,253,NorthShore
9/08/2017,2,2,MAN,262,NorthShore
9/08/2017,2,3,MAN,185,NorthShore
9/08/2017,3,1,MAN,241,NorthShore
9/08/2017,3,2,MAN,171,NorthShore
9/08/2017,3,3,MAN,243,NorthShore
18/08/2017,1,1,MAN,10,NorthShore
18/08/2017,1,2,MAN,10,NorthShore
18/08/2017,1,3,MAN,10,NorthShore
18/08/2017,2,1,MAN,10,NorthShore
18/08/2017,2,2,MAN,10,NorthShore
18/08/2017,2,3,MAN,10,NorthShore
18/08/2017,3,1,MAN,52,NorthShore
18/08/2017,3,2,MAN,41,NorthShore
18/08/2017,3,3,MAN,10,NorthShore
28/08/2017,1,1,MAN,52,NorthShore
28/08/2017,1,2,MAN,52,NorthShore
28/08/2017,1,3,MAN,41,NorthShore
28/08/2017,2,1,MAN,86,NorthShore
28/08/2017,2,2,MAN,86,NorthShore
28/08/2017,2,3,MAN,75,NorthShore
28/08/2017,3,1,MAN,41,NorthShore
28/08/2017,3,2,MAN,74,NorthShore
28/08/2017,3,3,MAN,74,NorthShore
14/09/2017,1,1,MAN,10,NorthShore
14/09/2017,1,2,MAN,10,NorthShore
14/09/2017,1,3,MAN,10,NorthShore
14/09/2017,2,1,MAN,10,NorthShore
14/09/2017,2,2,MAN,10,NorthShore
14/09/2017,2,3,MAN,10,NorthShore
14/09/2017,3,1,MAN,10,NorthShore
14/09/2017,3,2,MAN,10,NorthShore
14/09/2017,3,3,MAN,10,NorthShore
18/09/2017,1,1,MAN,10,NorthShore
18/09/2017,1,2,MAN,41,NorthShore
18/09/2017,1,3,MAN,10,NorthShore
18/09/2017,2,1,MAN,10,NorthShore
18/09/2017,2,2,MAN,10,NorthShore
18/09/2017,2,3,MAN,20,NorthShore
18/09/2017,3,1,MAN,10,NorthShore
18/09/2017,3,2,MAN,10,NorthShore
18/09/2017,3,3,MAN,10,NorthShore
27/09/2017,1,1,MAN,10,NorthShore
27/09/2017,1,2,MAN,10,NorthShore
27/09/2017,1,3,MAN,10,NorthShore
27/09/2017,2,1,MAN,10,NorthShore
27/09/2017,2,2,MAN,10,NorthShore
27/09/2017,2,3,MAN,10,NorthShore
27/09/2017,3,1,MAN,75,NorthShore
27/09/2017,3,2,MAN,74,NorthShore
27/09/2017,3,3,MAN,86,NorthShore
3/08/2017,1,1,MAC,20,NorthShore
3/08/2017,1,2,MAC,10,NorthShore
3/08/2017,1,3,MAC,20,NorthShore
3/08/2017,2,1,MAC,10,NorthShore
3/08/2017,2,2,MAC,10,NorthShore
3/08/2017,2,3,MAC,10,NorthShore
3/08/2017,3,1,MAC,10,NorthShore
3/08/2017,3,2,MAC,20,NorthShore
3/08/2017,3,3,MAC,20,NorthShore
9/08/2017,1,1,MAC,689,NorthShore
9/08/2017,1,2,MAC,637,NorthShore
9/08/2017,1,3,MAC,563,NorthShore
9/08/2017,2,1,MAC,243,NorthShore
9/08/2017,2,2,MAC,262,NorthShore
9/08/2017,2,3,MAC,246,NorthShore
9/08/2017,3,1,MAC,122,NorthShore
9/08/2017,3,2,MAC,85,NorthShore
9/08/2017,3,3,MAC,134,NorthShore
18/08/2017,1,1,MAC,73,NorthShore
18/08/2017,1,2,MAC,74,NorthShore
18/08/2017,1,3,MAC,31,NorthShore
18/08/2017,2,1,MAC,121,NorthShore
18/08/2017,2,2,MAC,134,NorthShore
18/08/2017,2,3,MAC,134,NorthShore
18/08/2017,3,1,MAC,10,NorthShore
18/08/2017,3,2,MAC,30,NorthShore
18/08/2017,3,3,MAC,20,NorthShore
28/08/2017,1,1,MAC,75,NorthShore
28/08/2017,1,2,MAC,52,NorthShore
28/08/2017,1,3,MAC,63,NorthShore
28/08/2017,2,1,MAC,31,NorthShore
28/08/2017,2,2,MAC,41,NorthShore
28/08/2017,2,3,MAC,41,NorthShore
28/08/2017,3,1,MAC,10,NorthShore
28/08/2017,3,2,MAC,10,NorthShore
28/08/2017,3,3,MAC,10,NorthShore
14/09/2017,1,1,MAC,10,NorthShore
14/09/2017,1,2,MAC,10,NorthShore
14/09/2017,1,3,MAC,10,NorthShore
14/09/2017,2,1,MAC,10,NorthShore
14/09/2017,2,2,MAC,10,NorthShore
14/09/2017,2,3,MAC,10,NorthShore
14/09/2017,3,1,MAC,30,NorthShore
14/09/2017,3,2,MAC,63,NorthShore
14/09/2017,3,3,MAC,30,NorthShore
18/09/2017,1,1,MAC,30,NorthShore
18/09/2017,1,2,MAC,41,NorthShore
18/09/2017,1,3,MAC,52,NorthShore
18/09/2017,2,1,MAC,20,NorthShore
18/09/2017,2,2,MAC,20,NorthShore
18/09/2017,2,3,MAC,10,NorthShore
18/09/2017,3,1,MAC,10,NorthShore
18/09/2017,3,2,MAC,10,NorthShore
18/09/2017,3,3,MAC,10,NorthShore
27/09/2017,1,1,MAC,135,NorthShore
27/09/2017,1,2,MAC,31,NorthShore
27/09/2017,1,3,MAC,73,NorthShore
27/09/2017,2,1,MAC,121,NorthShore
27/09/2017,2,2,MAC,63,NorthShore
27/09/2017,2,3,MAC,97,NorthShore
27/09/2017,3,1,MAC,52,NorthShore
27/09/2017,3,2,MAC,86,NorthShore
27/09/2017,3,3,MAC,20,NorthShore
3/08/2017,1,1,MAS,10,NorthShore
3/08/2017,1,2,MAS,20,NorthShore
3/08/2017,1,3,MAS,20,NorthShore
3/08/2017,2,1,MAS,30,NorthShore
3/08/2017,2,2,MAS,10,NorthShore
3/08/2017,2,3,MAS,10,NorthShore
3/08/2017,3,1,MAS,10,NorthShore
3/08/2017,3,2,MAS,10,NorthShore
3/08/2017,3,3,MAS,10,NorthShore
9/08/2017,1,1,MAS,331,NorthShore
9/08/2017,1,2,MAS,471,NorthShore
9/08/2017,1,3,MAS,481,NorthShore
9/08/2017,2,1,MAS,318,NorthShore
9/08/2017,2,2,MAS,373,NorthShore
9/08/2017,2,3,MAS,323,NorthShore
9/08/2017,3,1,MAS,201,NorthShore
9/08/2017,3,2,MAS,161,NorthShore
9/08/2017,3,3,MAS,134,NorthShore
18/08/2017,1,1,MAS,74,NorthShore
18/08/2017,1,2,MAS,41,NorthShore
18/08/2017,1,3,MAS,84,NorthShore
18/08/2017,2,1,MAS,63,NorthShore
18/08/2017,2,2,MAS,63,NorthShore
18/08/2017,2,3,MAS,63,NorthShore
18/08/2017,3,1,MAS,52,NorthShore
18/08/2017,3,2,MAS,41,NorthShore
18/08/2017,3,3,MAS,41,NorthShore
28/08/2017,1,1,MAS,20,NorthShore
28/08/2017,1,2,MAS,63,NorthShore
28/08/2017,1,3,MAS,63,NorthShore
28/08/2017,2,1,MAS,30,NorthShore
28/08/2017,2,2,MAS,52,NorthShore
28/08/2017,2,3,MAS,52,NorthShore
28/08/2017,3,1,MAS,20,NorthShore
28/08/2017,3,2,MAS,10,NorthShore
28/08/2017,3,3,MAS,10,NorthShore
14/09/2017,1,1,MAS,10,NorthShore
14/09/2017,1,2,MAS,10,NorthShore
14/09/2017,1,3,MAS,10,NorthShore
14/09/2017,2,1,MAS,10,NorthShore
14/09/2017,2,2,MAS,10,NorthShore
14/09/2017,2,3,MAS,10,NorthShore
14/09/2017,3,1,MAS,52,NorthShore
14/09/2017,3,2,MAS,10,NorthShore
14/09/2017,3,3,MAS,20,NorthShore
18/09/2017,1,1,MAS,988,NorthShore
18/09/2017,1,2,MAS,637,NorthShore
18/09/2017,1,3,MAS,683,NorthShore
18/09/2017,2,1,MAS,98,NorthShore
18/09/2017,2,2,MAS,299,NorthShore
18/09/2017,2,3,MAS,185,NorthShore
18/09/2017,3,1,MAS,272,NorthShore
18/09/2017,3,2,MAS,41,NorthShore
18/09/2017,3,3,MAS,161,NorthShore
27/09/2017,1,1,MAS,86,NorthShore
27/09/2017,1,2,MAS,134,NorthShore
27/09/2017,1,3,MAS,121,NorthShore
27/09/2017,3,1,MAS,754,NorthShore
27/09/2017,3,2,MAS,771,NorthShore
27/09/2017,3,3,MAS,908,NorthShore
3/08/2017,1,1,CBN,10,NorthShore
3/08/2017,1,2,CBN,31,NorthShore
3/08/2017,1,3,CBN,10,NorthShore
3/08/2017,2,1,CBN,20,NorthShore
3/08/2017,2,2,CBN,31,NorthShore
3/08/2017,2,3,CBN,10,NorthShore
3/08/2017,3,1,CBN,450,NorthShore
3/08/2017,3,2,CBN,63,NorthShore
3/08/2017,3,3,CBN,464,NorthShore
9/08/2017,1,1,CBN,960,NorthShore
9/08/2017,1,2,CBN,857,NorthShore
9/08/2017,3,1,CBN,96,NorthShore
9/08/2017,3,3,CBN,122,NorthShore
18/08/2017,1,1,CBN,63,NorthShore
18/08/2017,1,2,CBN,84,NorthShore
18/08/2017,1,3,CBN,86,NorthShore
18/08/2017,2,1,CBN,72,NorthShore
18/08/2017,2,2,CBN,86,NorthShore
18/08/2017,2,3,CBN,52,NorthShore
18/08/2017,3,1,CBN,31,NorthShore
18/08/2017,3,2,CBN,52,NorthShore
18/08/2017,3,3,CBN,41,NorthShore
28/08/2017,1,1,CBN,169,NorthShore
28/08/2017,1,2,CBN,63,NorthShore
28/08/2017,1,3,CBN,75,NorthShore
28/08/2017,2,1,CBN,63,NorthShore
28/08/2017,2,2,CBN,41,NorthShore
28/08/2017,2,3,CBN,41,NorthShore
28/08/2017,3,1,CBN,41,NorthShore
28/08/2017,3,2,CBN,41,NorthShore
28/08/2017,3,3,CBN,41,NorthShore
14/09/2017,1,1,CBN,10,NorthShore
14/09/2017,1,2,CBN,10,NorthShore
14/09/2017,1,3,CBN,10,NorthShore
14/09/2017,2,1,CBN,10,NorthShore
14/09/2017,2,2,CBN,10,NorthShore
14/09/2017,2,3,CBN,10,NorthShore
14/09/2017,3,1,CBN,120,NorthShore
14/09/2017,3,2,CBN,31,NorthShore
14/09/2017,3,3,CBN,41,NorthShore
18/09/2017,1,1,CBN,31,NorthShore
18/09/2017,1,2,CBN,52,NorthShore
18/09/2017,1,3,CBN,10,NorthShore
18/09/2017,2,1,CBN,10,NorthShore
18/09/2017,2,2,CBN,10,NorthShore
18/09/2017,2,3,CBN,10,NorthShore
18/09/2017,3,1,CBN,109,NorthShore
18/09/2017,3,2,CBN,145,NorthShore
18/09/2017,3,3,CBN,122,NorthShore
27/09/2017,1,1,CBN,75,NorthShore
27/09/2017,1,2,CBN,74,NorthShore
27/09/2017,1,3,CBN,85,NorthShore
27/09/2017,2,1,CBN,85,NorthShore
27/09/2017,2,2,CBN,109,NorthShore
27/09/2017,2,3,CBN,30,NorthShore
27/09/2017,3,1,CBN,41,NorthShore
27/09/2017,3,2,CBN,41,NorthShore
27/09/2017,3,3,CBN,73,NorthShore
3/08/2017,1,1,CBC,75,NorthShore
3/08/2017,1,2,CBC,85,NorthShore
3/08/2017,1,3,CBC,10,NorthShore
3/08/2017,2,1,CBC,10,NorthShore
3/08/2017,2,2,CBC,10,NorthShore
3/08/2017,2,3,CBC,20,NorthShore
3/08/2017,3,1,CBC,52,NorthShore
3/08/2017,3,2,CBC,30,NorthShore
3/08/2017,3,3,CBC,41,NorthShore
9/08/2017,1,1,CBC,148,NorthShore
9/08/2017,1,2,CBC,279,NorthShore
9/08/2017,1,3,CBC,226,NorthShore
9/08/2017,2,1,CBC,301,NorthShore
9/08/2017,2,3,CBC,749,NorthShore
9/08/2017,3,1,CBC,644,NorthShore
9/08/2017,3,3,CBC,613,NorthShore
18/08/2017,1,1,CBC,197,NorthShore
18/08/2017,1,2,CBC,161,NorthShore
18/08/2017,1,3,CBC,96,NorthShore
18/08/2017,2,1,CBC,85,NorthShore
18/08/2017,2,2,CBC,75,NorthShore
18/08/2017,2,3,CBC,52,NorthShore
18/08/2017,3,1,CBC,20,NorthShore
18/08/2017,3,2,CBC,31,NorthShore
18/08/2017,3,3,CBC,75,NorthShore
28/08/2017,1,1,CBC,134,NorthShore
28/08/2017,1,2,CBC,135,NorthShore
28/08/2017,1,3,CBC,73,NorthShore
28/08/2017,2,1,CBC,10,NorthShore
28/08/2017,2,2,CBC,40,NorthShore
28/08/2017,2,3,CBC,20,NorthShore
28/08/2017,3,1,CBC,110,NorthShore
28/08/2017,3,2,CBC,31,NorthShore
28/08/2017,3,3,CBC,41,NorthShore
14/09/2017,1,1,CBC,10,NorthShore
14/09/2017,1,2,CBC,10,NorthShore
14/09/2017,1,3,CBC,10,NorthShore
14/09/2017,2,1,CBC,10,NorthShore
14/09/2017,2,2,CBC,10,NorthShore
14/09/2017,2,3,CBC,10,NorthShore
14/09/2017,3,1,CBC,10,NorthShore
14/09/2017,3,2,CBC,10,NorthShore
14/09/2017,3,3,CBC,10,NorthShore
18/09/2017,1,1,CBC,41,NorthShore
18/09/2017,1,2,CBC,97,NorthShore
18/09/2017,1,3,CBC,10,NorthShore
18/09/2017,2,1,CBC,20,NorthShore
18/09/2017,2,2,CBC,63,NorthShore
18/09/2017,2,3,CBC,20,NorthShore
18/09/2017,3,1,CBC,10,NorthShore
18/09/2017,3,2,CBC,10,NorthShore
18/09/2017,3,3,CBC,10,NorthShore
27/09/2017,1,1,CBC,98,NorthShore
27/09/2017,1,2,CBC,30,NorthShore
27/09/2017,1,3,CBC,74,NorthShore
27/09/2017,2,1,CBC,20,NorthShore
27/09/2017,2,2,CBC,97,NorthShore
27/09/2017,2,3,CBC,52,NorthShore
27/09/2017,3,1,CBC,41,NorthShore
27/09/2017,3,2,CBC,63,NorthShore
27/09/2017,3,3,CBC,148,NorthShore
3/08/2017,1,1,CBS,52,NorthShore
3/08/2017,1,2,CBS,213,NorthShore
3/08/2017,1,3,CBS,75,NorthShore
3/08/2017,2,1,CBS,31,NorthShore
3/08/2017,2,2,CBS,41,NorthShore
3/08/2017,2,3,CBS,31,NorthShore
3/08/2017,3,1,CBS,63,NorthShore
3/08/2017,3,2,CBS,97,NorthShore
3/08/2017,3,3,CBS,259,NorthShore
9/08/2017,1,1,CBS,75,NorthShore
9/08/2017,1,2,CBS,30,NorthShore
9/08/2017,1,3,CBS,30,NorthShore
9/08/2017,2,1,CBS,203,NorthShore
9/08/2017,2,2,CBS,471,NorthShore
9/08/2017,2,3,CBS,132,NorthShore
18/08/2017,1,1,CBS,51,NorthShore
18/08/2017,1,2,CBS,72,NorthShore
18/08/2017,1,3,CBS,41,NorthShore
18/08/2017,2,1,CBS,109,NorthShore
18/08/2017,2,2,CBS,201,NorthShore
18/08/2017,2,3,CBS,148,NorthShore
18/08/2017,3,1,CBS,85,NorthShore
18/08/2017,3,2,CBS,85,NorthShore
18/08/2017,3,3,CBS,75,NorthShore
28/08/2017,1,1,CBS,62,NorthShore
28/08/2017,1,2,CBS,52,NorthShore
28/08/2017,1,3,CBS,75,NorthShore
28/08/2017,2,1,CBS,41,NorthShore
28/08/2017,2,2,CBS,31,NorthShore
28/08/2017,2,3,CBS,41,NorthShore
28/08/2017,3,1,CBS,63,NorthShore
28/08/2017,3,2,CBS,41,NorthShore
28/08/2017,3,3,CBS,20,NorthShore
14/09/2017,1,1,CBS,20,NorthShore
14/09/2017,1,2,CBS,10,NorthShore
14/09/2017,1,3,CBS,10,NorthShore
14/09/2017,2,1,CBS,10,NorthShore
14/09/2017,2,2,CBS,10,NorthShore
14/09/2017,2,3,CBS,10,NorthShore
14/09/2017,3,1,CBS,20,NorthShore
14/09/2017,3,2,CBS,10,NorthShore
14/09/2017,3,3,CBS,10,NorthShore
18/09/2017,1,1,CBS,10,NorthShore
18/09/2017,1,2,CBS,31,NorthShore
18/09/2017,1,3,CBS,10,NorthShore
18/09/2017,2,1,CBS,109,NorthShore
18/09/2017,2,2,CBS,41,NorthShore
18/09/2017,2,3,CBS,85,NorthShore
18/09/2017,3,1,CBS,30,NorthShore
18/09/2017,3,2,CBS,41,NorthShore
18/09/2017,3,3,CBS,10,NorthShore
27/09/2017,1,1,CBS,52,NorthShore
27/09/2017,1,2,CBS,41,NorthShore
27/09/2017,1,3,CBS,86,NorthShore
27/09/2017,2,1,CBS,85,NorthShore
27/09/2017,2,2,CBS,10,NorthShore
27/09/2017,2,3,CBS,20,NorthShore
27/09/2017,3,1,CBS,10,NorthShore
27/09/2017,3,2,CBS,20,NorthShore
27/09/2017,3,3,CBS,10,NorthShore
3/08/2017,1,1,MFN,41,NorthShore
3/08/2017,1,2,MFN,183,NorthShore
3/08/2017,1,3,MFN,173,NorthShore
3/08/2017,2,1,MFN,10,NorthShore
3/08/2017,2,2,MFN,31,NorthShore
3/08/2017,2,3,MFN,10,NorthShore
3/08/2017,3,1,MFN,41,NorthShore
3/08/2017,3,2,MFN,52,NorthShore
3/08/2017,3,3,MFN,10,NorthShore
9/08/2017,1,1,MFN,650,NorthShore
9/08/2017,1,2,MFN,613,NorthShore
9/08/2017,1,3,MFN,733,NorthShore
18/08/2017,1,1,MFN,10,NorthShore
18/08/2017,1,2,MFN,10,NorthShore
18/08/2017,1,3,MFN,10,NorthShore
18/08/2017,2,1,MFN,160,NorthShore
18/08/2017,2,2,MFN,96,NorthShore
18/08/2017,2,3,MFN,175,NorthShore
18/08/2017,3,1,MFN,10,NorthShore
18/08/2017,3,2,MFN,10,NorthShore
18/08/2017,3,3,MFN,31,NorthShore
28/08/2017,1,1,MFN,63,NorthShore
28/08/2017,1,2,MFN,86,NorthShore
28/08/2017,1,3,MFN,187,NorthShore
28/08/2017,2,1,MFN,145,NorthShore
28/08/2017,2,2,MFN,63,NorthShore
28/08/2017,2,3,MFN,160,NorthShore
28/08/2017,3,1,MFN,134,NorthShore
28/08/2017,3,2,MFN,171,NorthShore
28/08/2017,3,3,MFN,97,NorthShore
14/09/2017,1,1,MFN,10,NorthShore
14/09/2017,1,2,MFN,10,NorthShore
14/09/2017,1,3,MFN,10,NorthShore
14/09/2017,2,1,MFN,10,NorthShore
14/09/2017,2,2,MFN,10,NorthShore
14/09/2017,2,3,MFN,10,NorthShore
14/09/2017,3,1,MFN,10,NorthShore
14/09/2017,3,2,MFN,10,NorthShore
14/09/2017,3,3,MFN,10,NorthShore
18/09/2017,1,1,MFN,134,NorthShore
18/09/2017,1,2,MFN,120,NorthShore
18/09/2017,1,3,MFN,195,NorthShore
18/09/2017,2,1,MFN,10,NorthShore
18/09/2017,2,2,MFN,10,NorthShore
18/09/2017,2,3,MFN,10,NorthShore
18/09/2017,3,1,MFN,10,NorthShore
18/09/2017,3,2,MFN,30,NorthShore
18/09/2017,3,3,MFN,20,NorthShore
27/09/2017,1,1,MFN,156,NorthShore
27/09/2017,1,2,MFN,119,NorthShore
27/09/2017,1,3,MFN,97,NorthShore
27/09/2017,2,1,MFN,10,NorthShore
27/09/2017,2,2,MFN,10,NorthShore
27/09/2017,2,3,MFN,10,NorthShore
27/09/2017,3,1,MFN,183,NorthShore
27/09/2017,3,2,MFN,160,NorthShore
27/09/2017,3,3,MFN,169,NorthShore
3/08/2017,1,1,MFC,20,NorthShore
3/08/2017,1,2,MFC,20,NorthShore
3/08/2017,1,3,MFC,10,NorthShore
3/08/2017,2,1,MFC,10,NorthShore
3/08/2017,2,2,MFC,10,NorthShore
3/08/2017,2,3,MFC,20,NorthShore
3/08/2017,3,1,MFC,108,NorthShore
3/08/2017,3,2,MFC,161,NorthShore
3/08/2017,3,3,MFC,74,NorthShore
9/08/2017,1,1,MFC,473,NorthShore
9/08/2017,1,2,MFC,504,NorthShore
9/08/2017,1,3,MFC,414,NorthShore
18/08/2017,1,1,MFC,10,NorthShore
18/08/2017,1,2,MFC,10,NorthShore
18/08/2017,1,3,MFC,10,NorthShore
18/08/2017,2,1,MFC,52,NorthShore
18/08/2017,2,2,MFC,30,NorthShore
18/08/2017,2,3,MFC,31,NorthShore
18/08/2017,3,1,MFC,10,NorthShore
18/08/2017,3,2,MFC,10,NorthShore
18/08/2017,3,3,MFC,10,NorthShore
28/08/2017,1,1,MFC,160,NorthShore
28/08/2017,1,2,MFC,121,NorthShore
28/08/2017,1,3,MFC,63,NorthShore
28/08/2017,2,1,MFC,31,NorthShore
28/08/2017,2,2,MFC,10,NorthShore
28/08/2017,2,3,MFC,62,NorthShore
28/08/2017,3,1,MFC,10,NorthShore
28/08/2017,3,2,MFC,20,NorthShore
28/08/2017,3,3,MFC,31,NorthShore
14/09/2017,1,1,MFC,10,NorthShore
14/09/2017,1,2,MFC,10,NorthShore
14/09/2017,1,3,MFC,10,NorthShore
14/09/2017,2,1,MFC,10,NorthShore
14/09/2017,2,2,MFC,10,NorthShore
14/09/2017,2,3,MFC,10,NorthShore
14/09/2017,3,1,MFC,10,NorthShore
14/09/2017,3,2,MFC,10,NorthShore
14/09/2017,3,3,MFC,30,NorthShore
18/09/2017,1,1,MFC,96,NorthShore
18/09/2017,1,2,MFC,20,NorthShore
18/09/2017,1,3,MFC,30,NorthShore
18/09/2017,2,1,MFC,10,NorthShore
18/09/2017,2,2,MFC,20,NorthShore
18/09/2017,2,3,MFC,10,NorthShore
18/09/2017,3,1,MFC,10,NorthShore
18/09/2017,3,2,MFC,10,NorthShore
18/09/2017,3,3,MFC,20,NorthShore
27/09/2017,1,1,MFC,10,NorthShore
27/09/2017,1,2,MFC,20,NorthShore
27/09/2017,1,3,MFC,10,NorthShore
27/09/2017,2,1,MFC,10,NorthShore
27/09/2017,2,2,MFC,20,NorthShore
27/09/2017,2,3,MFC,20,NorthShore
27/09/2017,3,1,MFC,10,NorthShore
27/09/2017,3,2,MFC,10,NorthShore
27/09/2017,3,3,MFC,10,NorthShore
3/08/2017,1,1,MFS,10,NorthShore
3/08/2017,1,2,MFS,10,NorthShore
3/08/2017,1,3,MFS,10,NorthShore
3/08/2017,2,1,MFS,10,NorthShore
3/08/2017,2,2,MFS,10,NorthShore
3/08/2017,2,3,MFS,10,NorthShore
3/08/2017,3,1,MFS,10,NorthShore
3/08/2017,3,2,MFS,10,NorthShore
3/08/2017,3,3,MFS,10,NorthShore
9/08/2017,1,1,MFS,512,NorthShore
9/08/2017,1,2,MFS,594,NorthShore
9/08/2017,1,3,MFS,594,NorthShore
18/08/2017,1,1,MFS,10,NorthShore
18/08/2017,1,2,MFS,10,NorthShore
18/08/2017,1,3,MFS,10,NorthShore
18/08/2017,2,1,MFS,10,NorthShore
18/08/2017,2,2,MFS,10,NorthShore
18/08/2017,2,3,MFS,30,NorthShore
18/08/2017,3,1,MFS,41,NorthShore
18/08/2017,3,2,MFS,10,NorthShore
18/08/2017,3,3,MFS,20,NorthShore
28/08/2017,1,1,MFS,74,NorthShore
28/08/2017,1,2,MFS,74,NorthShore
28/08/2017,1,3,MFS,122,NorthShore
28/08/2017,2,1,MFS,20,NorthShore
28/08/2017,2,2,MFS,52,NorthShore
28/08/2017,2,3,MFS,86,NorthShore
28/08/2017,3,1,MFS,10,NorthShore
28/08/2017,3,2,MFS,10,NorthShore
28/08/2017,3,3,MFS,10,NorthShore
14/09/2017,1,1,MFS,10,NorthShore
14/09/2017,1,2,MFS,10,NorthShore
14/09/2017,1,3,MFS,10,NorthShore
14/09/2017,2,1,MFS,31,NorthShore
14/09/2017,2,2,MFS,10,NorthShore
14/09/2017,2,3,MFS,10,NorthShore
14/09/2017,3,1,MFS,10,NorthShore
14/09/2017,3,2,MFS,10,NorthShore
14/09/2017,3,3,MFS,20,NorthShore
18/09/2017,1,1,MFS,327,NorthShore
18/09/2017,1,2,MFS,313,NorthShore
18/09/2017,1,3,MFS,313,NorthShore
18/09/2017,2,1,MFS,20,NorthShore
18/09/2017,2,2,MFS,20,NorthShore
18/09/2017,2,3,MFS,31,NorthShore
18/09/2017,3,1,MFS,10,NorthShore
18/09/2017,3,2,MFS,10,NorthShore
18/09/2017,3,3,MFS,10,NorthShore
27/09/2017,1,1,MFS,41,NorthShore
27/09/2017,1,2,MFS,20,NorthShore
27/09/2017,1,3,MFS,10,NorthShore
27/09/2017,2,1,MFS,10,NorthShore
27/09/2017,2,2,MFS,31,NorthShore
27/09/2017,2,3,MFS,10,NorthShore
27/09/2017,3,1,MFS,10,NorthShore
27/09/2017,3,2,MFS,10,NorthShore
27/09/2017,3,3,MFS,20,NorthShore
3/08/2017,1,1,TAN,41,NorthShore
3/08/2017,1,2,TAN,52,NorthShore
3/08/2017,1,3,TAN,41,NorthShore
3/08/2017,2,1,TAN,20,NorthShore
3/08/2017,2,2,TAN,10,NorthShore
3/08/2017,2,3,TAN,31,NorthShore
3/08/2017,3,1,TAN,31,NorthShore
3/08/2017,3,2,TAN,20,NorthShore
3/08/2017,3,3,TAN,31,NorthShore
9/08/2017,1,1,TAN,122,NorthShore
9/08/2017,1,2,TAN,98,NorthShore
9/08/2017,1,3,TAN,203,NorthShore
9/08/2017,2,1,TAN,275,NorthShore
9/08/2017,2,2,TAN,650,NorthShore
9/08/2017,2,3,TAN,393,NorthShore
9/08/2017,3,3,TAN,528,NorthShore
18/08/2017,1,1,TAN,41,NorthShore
18/08/2017,1,2,TAN,20,NorthShore
18/08/2017,1,3,TAN,10,NorthShore
18/08/2017,2,1,TAN,10,NorthShore
18/08/2017,2,2,TAN,20,NorthShore
18/08/2017,2,3,TAN,20,NorthShore
18/08/2017,3,1,TAN,74,NorthShore
18/08/2017,3,2,TAN,52,NorthShore
18/08/2017,3,3,TAN,52,NorthShore
28/08/2017,1,1,TAN,86,NorthShore
28/08/2017,1,2,TAN,135,NorthShore
28/08/2017,1,3,TAN,86,NorthShore
28/08/2017,2,1,TAN,134,NorthShore
28/08/2017,2,2,TAN,110,NorthShore
28/08/2017,2,3,TAN,63,NorthShore
28/08/2017,3,1,TAN,52,NorthShore
28/08/2017,3,2,TAN,20,NorthShore
28/08/2017,3,3,TAN,86,NorthShore
14/09/2017,1,1,TAN,10,NorthShore
14/09/2017,1,2,TAN,10,NorthShore
14/09/2017,1,3,TAN,10,NorthShore
14/09/2017,2,1,TAN,20,NorthShore
14/09/2017,2,2,TAN,31,NorthShore
14/09/2017,2,3,TAN,10,NorthShore
14/09/2017,3,1,TAN,20,NorthShore
14/09/2017,3,2,TAN,10,NorthShore
14/09/2017,3,3,TAN,10,NorthShore
18/09/2017,1,1,TAN,41,NorthShore
18/09/2017,1,2,TAN,85,NorthShore
18/09/2017,1,3,TAN,20,NorthShore
18/09/2017,2,1,TAN,10,NorthShore
18/09/2017,2,2,TAN,52,NorthShore
18/09/2017,2,3,TAN,20,NorthShore
18/09/2017,3,1,TAN,10,NorthShore
18/09/2017,3,2,TAN,10,NorthShore
18/09/2017,3,3,TAN,10,NorthShore
27/09/2017,1,1,TAN,10,NorthShore
27/09/2017,1,2,TAN,10,NorthShore
27/09/2017,1,3,TAN,31,NorthShore
27/09/2017,2,1,TAN,31,NorthShore
27/09/2017,2,2,TAN,41,NorthShore
27/09/2017,2,3,TAN,63,NorthShore
27/09/2017,3,1,TAN,52,NorthShore
27/09/2017,3,2,TAN,63,NorthShore
27/09/2017,3,3,TAN,199,NorthShore
3/08/2017,1,1,TAC,41,NorthShore
3/08/2017,1,2,TAC,10,NorthShore
3/08/2017,1,3,TAC,41,NorthShore
3/08/2017,2,1,TAC,20,NorthShore
3/08/2017,2,2,TAC,75,NorthShore
3/08/2017,2,3,TAC,20,NorthShore
3/08/2017,3,1,TAC,10,NorthShore
3/08/2017,3,2,TAC,31,NorthShore
3/08/2017,3,3,TAC,20,NorthShore
9/08/2017,3,1,TAC,108,NorthShore
9/08/2017,3,2,TAC,295,NorthShore
9/08/2017,3,3,TAC,231,NorthShore
18/08/2017,1,1,TAC,10,NorthShore
18/08/2017,1,2,TAC,20,NorthShore
18/08/2017,1,3,TAC,20,NorthShore
18/08/2017,2,1,TAC,10,NorthShore
18/08/2017,2,2,TAC,10,NorthShore
18/08/2017,2,3,TAC,20,NorthShore
18/08/2017,3,1,TAC,10,NorthShore
18/08/2017,3,2,TAC,10,NorthShore
18/08/2017,3,3,TAC,10,NorthShore
28/08/2017,1,1,TAC,41,NorthShore
28/08/2017,1,2,TAC,134,NorthShore
28/08/2017,1,3,TAC,75,NorthShore
28/08/2017,2,1,TAC,86,NorthShore
28/08/2017,2,2,TAC,75,NorthShore
28/08/2017,2,3,TAC,10,NorthShore
28/08/2017,3,1,TAC,135,NorthShore
28/08/2017,3,2,TAC,62,NorthShore
28/08/2017,3,3,TAC,175,NorthShore
14/09/2017,1,1,TAC,10,NorthShore
14/09/2017,1,2,TAC,10,NorthShore
14/09/2017,1,3,TAC,10,NorthShore
14/09/2017,2,1,TAC,10,NorthShore
14/09/2017,2,2,TAC,10,NorthShore
14/09/2017,2,3,TAC,10,NorthShore
14/09/2017,3,1,TAC,10,NorthShore
14/09/2017,3,2,TAC,10,NorthShore
14/09/2017,3,3,TAC,10,NorthShore
18/09/2017,1,1,TAC,627,NorthShore
18/09/2017,1,2,TAC,441,NorthShore
18/09/2017,1,3,TAC,663,NorthShore
18/09/2017,2,1,TAC,119,NorthShore
18/09/2017,2,2,TAC,292,NorthShore
18/09/2017,2,3,TAC,74,NorthShore
18/09/2017,3,1,TAC,73,NorthShore
18/09/2017,3,2,TAC,52,NorthShore
18/09/2017,3,3,TAC,97,NorthShore
27/09/2017,1,1,TAC,10,NorthShore
27/09/2017,1,2,TAC,10,NorthShore
27/09/2017,1,3,TAC,10,NorthShore
27/09/2017,2,1,TAC,10,NorthShore
27/09/2017,2,2,TAC,10,NorthShore
27/09/2017,2,3,TAC,10,NorthShore
27/09/2017,3,1,TAC,20,NorthShore
27/09/2017,3,2,TAC,52,NorthShore
27/09/2017,3,3,TAC,10,NorthShore
3/08/2017,1,1,TAS,20,NorthShore
3/08/2017,1,2,TAS,20,NorthShore
3/08/2017,1,3,TAS,10,NorthShore
3/08/2017,2,1,TAS,20,NorthShore
3/08/2017,2,2,TAS,10,NorthShore
3/08/2017,2,3,TAS,52,NorthShore
3/08/2017,3,1,TAS,20,NorthShore
3/08/2017,3,2,TAS,20,NorthShore
3/08/2017,3,3,TAS,31,NorthShore
9/08/2017,1,1,TAS,529,NorthShore
9/08/2017,2,1,TAS,108,NorthShore
9/08/2017,2,2,TAS,169,NorthShore
9/08/2017,2,3,TAS,97,NorthShore
9/08/2017,3,1,TAS,197,NorthShore
9/08/2017,3,2,TAS,241,NorthShore
9/08/2017,3,3,TAS,309,NorthShore
18/08/2017,1,1,TAS,20,NorthShore
18/08/2017,1,2,TAS,63,NorthShore
18/08/2017,1,3,TAS,41,NorthShore
18/08/2017,2,1,TAS,31,NorthShore
18/08/2017,2,2,TAS,31,NorthShore
18/08/2017,2,3,TAS,10,NorthShore
18/08/2017,3,1,TAS,10,NorthShore
18/08/2017,3,2,TAS,52,NorthShore
18/08/2017,3,3,TAS,10,NorthShore
28/08/2017,1,1,TAS,84,NorthShore
28/08/2017,1,2,TAS,31,NorthShore
28/08/2017,1,3,TAS,86,NorthShore
28/08/2017,2,1,TAS,41,NorthShore
28/08/2017,2,2,TAS,20,NorthShore
28/08/2017,2,3,TAS,31,NorthShore
28/08/2017,3,1,TAS,10,NorthShore
28/08/2017,3,2,TAS,10,NorthShore
28/08/2017,3,3,TAS,41,NorthShore
14/09/2017,1,1,TAS,10,NorthShore
14/09/2017,1,2,TAS,20,NorthShore
14/09/2017,1,3,TAS,10,NorthShore
14/09/2017,2,1,TAS,10,NorthShore
14/09/2017,2,2,TAS,10,NorthShore
14/09/2017,2,3,TAS,10,NorthShore
14/09/2017,3,1,TAS,10,NorthShore
14/09/2017,3,2,TAS,10,NorthShore
14/09/2017,3,3,TAS,10,NorthShore
18/09/2017,1,1,TAS,109,NorthShore
18/09/2017,1,2,TAS,135,NorthShore
18/09/2017,1,3,TAS,259,NorthShore
18/09/2017,2,1,TAS,10,NorthShore
18/09/2017,2,2,TAS,30,NorthShore
18/09/2017,2,3,TAS,20,NorthShore
18/09/2017,3,1,TAS,52,NorthShore
18/09/2017,3,2,TAS,10,NorthShore
18/09/2017,3,3,TAS,31,NorthShore
27/09/2017,1,1,TAS,20,NorthShore
27/09/2017,1,2,TAS,31,NorthShore
27/09/2017,1,3,TAS,10,NorthShore
27/09/2017,2,1,TAS,10,NorthShore
27/09/2017,2,2,TAS,41,NorthShore
27/09/2017,2,3,TAS,20,NorthShore
27/09/2017,3,1,TAS,109,NorthShore
27/09/2017,3,2,TAS,10,NorthShore
27/09/2017,3,3,TAS,31,NorthShore
3/08/2017,1,1,NNN,10,NorthShore
3/08/2017,1,2,NNN,10,NorthShore
3/08/2017,1,3,NNN,10,NorthShore
3/08/2017,2,1,NNN,10,NorthShore
3/08/2017,2,2,NNN,20,NorthShore
3/08/2017,2,3,NNN,10,NorthShore
3/08/2017,3,1,NNN,10,NorthShore
3/08/2017,3,2,NNN,10,NorthShore
3/08/2017,3,3,NNN,10,NorthShore
9/08/2017,1,1,NNN,85,NorthShore
9/08/2017,1,2,NNN,63,NorthShore
9/08/2017,1,3,NNN,98,NorthShore
9/08/2017,2,1,NNN,135,NorthShore
9/08/2017,2,2,NNN,122,NorthShore
9/08/2017,2,3,NNN,63,NorthShore
9/08/2017,3,1,NNN,20,NorthShore
9/08/2017,3,2,NNN,30,NorthShore
9/08/2017,3,3,NNN,10,NorthShore
18/08/2017,1,1,NNN,10,NorthShore
18/08/2017,1,2,NNN,10,NorthShore
18/08/2017,1,3,NNN,10,NorthShore
18/08/2017,2,1,NNN,20,NorthShore
18/08/2017,2,2,NNN,10,NorthShore
18/08/2017,2,3,NNN,10,NorthShore
18/08/2017,3,1,NNN,41,NorthShore
18/08/2017,3,2,NNN,84,NorthShore
18/08/2017,3,3,NNN,20,NorthShore
28/08/2017,1,1,NNN,10,NorthShore
28/08/2017,1,2,NNN,31,NorthShore
28/08/2017,1,3,NNN,20,NorthShore
28/08/2017,2,1,NNN,86,NorthShore
28/08/2017,2,2,NNN,122,NorthShore
28/08/2017,2,3,NNN,148,NorthShore
28/08/2017,3,1,NNN,20,NorthShore
28/08/2017,3,2,NNN,109,NorthShore
28/08/2017,3,3,NNN,30,NorthShore
14/09/2017,1,1,NNN,10,NorthShore
14/09/2017,1,2,NNN,10,NorthShore
14/09/2017,1,3,NNN,10,NorthShore
14/09/2017,2,1,NNN,10,NorthShore
14/09/2017,2,2,NNN,10,NorthShore
14/09/2017,2,3,NNN,10,NorthShore
14/09/2017,3,1,NNN,20,NorthShore
14/09/2017,3,2,NNN,41,NorthShore
14/09/2017,3,3,NNN,31,NorthShore
18/09/2017,1,1,NNN,10,NorthShore
18/09/2017,1,2,NNN,31,NorthShore
18/09/2017,1,3,NNN,20,NorthShore
18/09/2017,2,1,NNN,10,NorthShore
18/09/2017,2,2,NNN,10,NorthShore
18/09/2017,2,3,NNN,10,NorthShore
18/09/2017,3,1,NNN,20,NorthShore
18/09/2017,3,2,NNN,10,NorthShore
18/09/2017,3,3,NNN,10,NorthShore
27/09/2017,1,1,NNN,10,NorthShore
27/09/2017,1,2,NNN,10,NorthShore
27/09/2017,1,3,NNN,10,NorthShore
27/09/2017,2,1,NNN,10,NorthShore
27/09/2017,2,2,NNN,10,NorthShore
27/09/2017,2,3,NNN,10,NorthShore
27/09/2017,3,1,NNN,10,NorthShore
27/09/2017,3,2,NNN,10,NorthShore
27/09/2017,3,3,NNN,10,NorthShore
3/08/2017,1,1,NNC,31,NorthShore
3/08/2017,1,2,NNC,20,NorthShore
3/08/2017,1,3,NNC,30,NorthShore
3/08/2017,2,1,NNC,10,NorthShore
3/08/2017,2,2,NNC,20,NorthShore
3/08/2017,2,3,NNC,10,NorthShore
3/08/2017,3,1,NNC,10,NorthShore
3/08/2017,3,2,NNC,10,NorthShore
3/08/2017,3,3,NNC,10,NorthShore
9/08/2017,1,1,NNC,169,NorthShore
9/08/2017,1,2,NNC,122,NorthShore
9/08/2017,1,3,NNC,98,NorthShore
9/08/2017,2,1,NNC,107,NorthShore
9/08/2017,2,2,NNC,41,NorthShore
9/08/2017,2,3,NNC,72,NorthShore
9/08/2017,3,1,NNC,20,NorthShore
9/08/2017,3,2,NNC,41,NorthShore
9/08/2017,3,3,NNC,10,NorthShore
18/08/2017,1,1,NNC,10,NorthShore
18/08/2017,1,2,NNC,10,NorthShore
18/08/2017,1,3,NNC,283,NorthShore
18/08/2017,2,1,NNC,10,NorthShore
18/08/2017,2,2,NNC,20,NorthShore
18/08/2017,2,3,NNC,10,NorthShore
18/08/2017,3,1,NNC,132,NorthShore
18/08/2017,3,2,NNC,213,NorthShore
18/08/2017,3,3,NNC,216,NorthShore
28/08/2017,1,1,NNC,41,NorthShore
28/08/2017,1,2,NNC,10,NorthShore
28/08/2017,1,3,NNC,20,NorthShore
28/08/2017,2,1,NNC,41,NorthShore
28/08/2017,2,2,NNC,20,NorthShore
28/08/2017,2,3,NNC,10,NorthShore
28/08/2017,3,1,NNC,20,NorthShore
28/08/2017,3,2,NNC,41,NorthShore
28/08/2017,3,3,NNC,41,NorthShore
14/09/2017,1,1,NNC,10,NorthShore
14/09/2017,1,2,NNC,10,NorthShore
14/09/2017,1,3,NNC,10,NorthShore
14/09/2017,2,1,NNC,10,NorthShore
14/09/2017,2,2,NNC,10,NorthShore
14/09/2017,2,3,NNC,10,NorthShore
14/09/2017,3,1,NNC,10,NorthShore
14/09/2017,3,2,NNC,10,NorthShore
14/09/2017,3,3,NNC,10,NorthShore
18/09/2017,1,1,NNC,20,NorthShore
18/09/2017,1,2,NNC,20,NorthShore
18/09/2017,1,3,NNC,41,NorthShore
18/09/2017,2,1,NNC,10,NorthShore
18/09/2017,2,2,NNC,20,NorthShore
18/09/2017,2,3,NNC,10,NorthShore
18/09/2017,3,1,NNC,10,NorthShore
18/09/2017,3,2,NNC,20,NorthShore
18/09/2017,3,3,NNC,10,NorthShore
27/09/2017,1,1,NNC,10,NorthShore
27/09/2017,1,2,NNC,10,NorthShore
27/09/2017,1,3,NNC,31,NorthShore
27/09/2017,2,1,NNC,10,NorthShore
27/09/2017,2,2,NNC,10,NorthShore
27/09/2017,2,3,NNC,10,NorthShore
27/09/2017,3,1,NNC,10,NorthShore
27/09/2017,3,2,NNC,10,NorthShore
27/09/2017,3,3,NNC,10,NorthShore
3/08/2017,1,1,NNS,10,NorthShore
3/08/2017,1,2,NNS,20,NorthShore
3/08/2017,1,3,NNS,30,NorthShore
3/08/2017,2,1,NNS,10,NorthShore
3/08/2017,2,2,NNS,10,NorthShore
3/08/2017,2,3,NNS,10,NorthShore
3/08/2017,3,1,NNS,20,NorthShore
3/08/2017,3,2,NNS,10,NorthShore
3/08/2017,3,3,NNS,10,NorthShore
9/08/2017,1,1,NNS,145,NorthShore
9/08/2017,1,2,NNS,96,NorthShore
9/08/2017,1,3,NNS,173,NorthShore
9/08/2017,2,1,NNS,86,NorthShore
9/08/2017,2,2,NNS,41,NorthShore
9/08/2017,2,3,NNS,74,NorthShore
9/08/2017,3,1,NNS,41,NorthShore
9/08/2017,3,2,NNS,86,NorthShore
9/08/2017,3,3,NNS,20,NorthShore
18/08/2017,1,1,NNS,10,NorthShore
18/08/2017,1,2,NNS,10,NorthShore
18/08/2017,1,3,NNS,10,NorthShore
18/08/2017,2,1,NNS,10,NorthShore
18/08/2017,2,2,NNS,10,NorthShore
18/08/2017,2,3,NNS,10,NorthShore
18/08/2017,3,1,NNS,576,NorthShore
18/08/2017,3,2,NNS,231,NorthShore
18/08/2017,3,3,NNS,496,NorthShore
28/08/2017,1,1,NNS,10,NorthShore
28/08/2017,1,2,NNS,10,NorthShore
28/08/2017,1,3,NNS,85,NorthShore
28/08/2017,2,1,NNS,20,NorthShore
28/08/2017,2,2,NNS,10,NorthShore
28/08/2017,2,3,NNS,10,NorthShore
28/08/2017,3,1,NNS,20,NorthShore
28/08/2017,3,2,NNS,10,NorthShore
28/08/2017,3,3,NNS,20,NorthShore
14/09/2017,1,1,NNS,10,NorthShore
14/09/2017,1,2,NNS,10,NorthShore
14/09/2017,1,3,NNS,10,NorthShore
14/09/2017,2,1,NNS,10,NorthShore
14/09/2017,2,2,NNS,10,NorthShore
14/09/2017,2,3,NNS,10,NorthShore
14/09/2017,3,1,NNS,10,NorthShore
14/09/2017,3,2,NNS,10,NorthShore
14/09/2017,3,3,NNS,30,NorthShore
18/09/2017,1,1,NNS,10,NorthShore
18/09/2017,1,2,NNS,121,NorthShore
18/09/2017,1,3,NNS,10,NorthShore
18/09/2017,2,1,NNS,20,NorthShore
18/09/2017,2,2,NNS,31,NorthShore
18/09/2017,2,3,NNS,31,NorthShore
18/09/2017,3,1,NNS,10,NorthShore
18/09/2017,3,2,NNS,10,NorthShore
18/09/2017,3,3,NNS,20,NorthShore
27/09/2017,1,1,NNS,10,NorthShore
27/09/2017,1,2,NNS,10,NorthShore
27/09/2017,1,3,NNS,10,NorthShore
27/09/2017,2,1,NNS,10,NorthShore
27/09/2017,2,2,NNS,10,NorthShore
27/09/2017,2,3,NNS,10,NorthShore
27/09/2017,3,1,NNS,10,NorthShore
27/09/2017,3,2,NNS,10,NorthShore
27/09/2017,3,3,NNS,10,NorthShore
8/03/2017,1,1,PCS,216,Waitemata
8/03/2017,1,2,PCS,228,Waitemata
8/03/2017,1,3,PCS,364,Waitemata
8/03/2017,2,1,PCS,97,Waitemata
8/03/2017,2,2,PCS,108,Waitemata
8/03/2017,2,3,PCS,74,Waitemata
8/03/2017,3,1,PCS,160,Waitemata
8/03/2017,3,2,PCS,211,Waitemata
8/03/2017,3,3,PCS,199,Waitemata
27/03/2017,1,1,PCS,905,Waitemata
27/03/2017,1,3,PCS,839,Waitemata
27/03/2017,2,1,PCS,108,Waitemata
27/03/2017,2,2,PCS,75,Waitemata
27/03/2017,2,3,PCS,63,Waitemata
12/05/2017,1,1,PCS,327,Waitemata
12/05/2017,1,2,PCS,231,Waitemata
12/05/2017,1,3,PCS,161,Waitemata
18/05/2017,3,1,PCS,689,Waitemata
18/05/2017,3,2,PCS,908,Waitemata
18/05/2017,3,3,PCS,759,Waitemata
31/05/2017,1,1,PCS,75,Waitemata
31/05/2017,1,2,PCS,20,Waitemata
31/05/2017,1,3,PCS,63,Waitemata
31/05/2017,2,1,PCS,20,Waitemata
31/05/2017,2,2,PCS,30,Waitemata
31/05/2017,2,3,PCS,20,Waitemata
31/05/2017,3,1,PCS,10,Waitemata
31/05/2017,3,2,PCS,10,Waitemata
31/05/2017,3,3,PCS,175,Waitemata
21/06/2017,1,1,PCS,10,Waitemata
21/06/2017,1,2,PCS,20,Waitemata
21/06/2017,1,3,PCS,51,Waitemata
21/06/2017,2,1,PCS,31,Waitemata
21/06/2017,2,2,PCS,10,Waitemata
21/06/2017,2,3,PCS,10,Waitemata
21/06/2017,3,1,PCS,30,Waitemata
21/06/2017,3,2,PCS,10,Waitemata
21/06/2017,3,3,PCS,52,Waitemata
4/07/2017,1,1,PCS,41,Waitemata
4/07/2017,1,2,PCS,75,Waitemata
4/07/2017,1,3,PCS,30,Waitemata
4/07/2017,2,1,PCS,52,Waitemata
4/07/2017,2,2,PCS,41,Waitemata
4/07/2017,2,3,PCS,31,Waitemata
4/07/2017,3,1,PCS,145,Waitemata
4/07/2017,3,2,PCS,145,Waitemata
4/07/2017,3,3,PCS,262,Waitemata
13/07/2017,1,1,PCS,98,Waitemata
13/07/2017,1,2,PCS,84,Waitemata
13/07/2017,1,3,PCS,51,Waitemata
13/07/2017,2,1,PCS,41,Waitemata
13/07/2017,2,2,PCS,20,Waitemata
13/07/2017,2,3,PCS,52,Waitemata
13/07/2017,3,1,PCS,10,Waitemata
13/07/2017,3,2,PCS,62,Waitemata
13/07/2017,3,3,PCS,10,Waitemata
8/03/2017,1,1,PCC,183,Waitemata
8/03/2017,1,2,PCC,216,Waitemata
8/03/2017,1,3,PCC,175,Waitemata
8/03/2017,2,1,PCC,97,Waitemata
8/03/2017,2,2,PCC,109,Waitemata
8/03/2017,2,3,PCC,134,Waitemata
8/03/2017,3,1,PCC,134,Waitemata
8/03/2017,3,2,PCC,98,Waitemata
8/03/2017,3,3,PCC,98,Waitemata
13/03/2017,3,1,PCC,262,Waitemata
13/03/2017,3,2,PCC,393,Waitemata
13/03/2017,3,3,PCC,327,Waitemata
27/03/2017,1,1,PCC,820,Waitemata
27/03/2017,1,2,PCC,862,Waitemata
27/03/2017,2,1,PCC,62,Waitemata
27/03/2017,2,2,PCC,98,Waitemata
27/03/2017,2,3,PCC,63,Waitemata
12/05/2017,1,1,PCC,233,Waitemata
12/05/2017,1,2,PCC,262,Waitemata
12/05/2017,1,3,PCC,256,Waitemata
12/05/2017,3,1,PCC,627,Waitemata
12/05/2017,3,2,PCC,738,Waitemata
12/05/2017,3,3,PCC,670,Waitemata
18/05/2017,3,1,PCC,771,Waitemata
18/05/2017,3,2,PCC,670,Waitemata
18/05/2017,3,3,PCC,862,Waitemata
31/05/2017,1,1,PCC,10,Waitemata
31/05/2017,1,2,PCC,20,Waitemata
31/05/2017,1,3,PCC,31,Waitemata
31/05/2017,2,1,PCC,10,Waitemata
31/05/2017,2,2,PCC,10,Waitemata
31/05/2017,2,3,PCC,20,Waitemata
31/05/2017,3,1,PCC,41,Waitemata
31/05/2017,3,2,PCC,31,Waitemata
31/05/2017,3,3,PCC,20,Waitemata
21/06/2017,1,1,PCC,10,Waitemata
21/06/2017,1,2,PCC,10,Waitemata
21/06/2017,1,3,PCC,10,Waitemata
21/06/2017,2,1,PCC,10,Waitemata
21/06/2017,2,2,PCC,10,Waitemata
21/06/2017,2,3,PCC,10,Waitemata
21/06/2017,3,1,PCC,10,Waitemata
21/06/2017,3,2,PCC,10,Waitemata
21/06/2017,3,3,PCC,10,Waitemata
4/07/2017,1,1,PCC,30,Waitemata
4/07/2017,1,2,PCC,41,Waitemata
4/07/2017,1,3,PCC,30,Waitemata
4/07/2017,2,1,PCC,20,Waitemata
4/07/2017,2,2,PCC,52,Waitemata
4/07/2017,2,3,PCC,41,Waitemata
4/07/2017,3,1,PCC,203,Waitemata
4/07/2017,3,2,PCC,185,Waitemata
4/07/2017,3,3,PCC,189,Waitemata
13/07/2017,1,1,PCC,108,Waitemata
13/07/2017,1,2,PCC,41,Waitemata
13/07/2017,1,3,PCC,74,Waitemata
13/07/2017,2,1,PCC,41,Waitemata
13/07/2017,2,2,PCC,41,Waitemata
13/07/2017,2,3,PCC,41,Waitemata
13/07/2017,3,1,PCC,20,Waitemata
13/07/2017,3,2,PCC,30,Waitemata
13/07/2017,3,3,PCC,10,Waitemata
8/03/2017,1,1,PCN,121,Waitemata
8/03/2017,1,2,PCN,98,Waitemata
8/03/2017,1,3,PCN,216,Waitemata
8/03/2017,3,1,PCN,160,Waitemata
8/03/2017,3,2,PCN,98,Waitemata
8/03/2017,3,3,PCN,110,Waitemata
13/03/2017,3,1,PCN,131,Waitemata
13/03/2017,3,2,PCN,160,Waitemata
13/03/2017,3,3,PCN,41,Waitemata
27/03/2017,2,1,PCN,52,Waitemata
27/03/2017,2,2,PCN,128,Waitemata
27/03/2017,2,3,PCN,96,Waitemata
12/05/2017,1,1,PCN,529,Waitemata
12/05/2017,1,2,PCN,650,Waitemata
12/05/2017,1,3,PCN,512,Waitemata
12/05/2017,2,1,PCN,536,Waitemata
12/05/2017,2,2,PCN,318,Waitemata
12/05/2017,2,3,PCN,379,Waitemata
12/05/2017,3,1,PCN,389,Waitemata
12/05/2017,3,2,PCN,350,Waitemata
12/05/2017,3,3,PCN,384,Waitemata
18/05/2017,2,3,PCN,960,Waitemata
18/05/2017,3,1,PCN,565,Waitemata
18/05/2017,3,2,PCN,504,Waitemata
18/05/2017,3,3,PCN,697,Waitemata
31/05/2017,1,1,PCN,31,Waitemata
31/05/2017,1,2,PCN,31,Waitemata
31/05/2017,1,3,PCN,10,Waitemata
31/05/2017,2,1,PCN,10,Waitemata
31/05/2017,2,2,PCN,10,Waitemata
31/05/2017,2,3,PCN,31,Waitemata
31/05/2017,3,1,PCN,10,Waitemata
31/05/2017,3,2,PCN,10,Waitemata
31/05/2017,3,3,PCN,10,Waitemata
21/06/2017,1,1,PCN,30,Waitemata
21/06/2017,1,2,PCN,10,Waitemata
21/06/2017,1,3,PCN,10,Waitemata
21/06/2017,2,1,PCN,20,Waitemata
21/06/2017,2,2,PCN,52,Waitemata
21/06/2017,2,3,PCN,31,Waitemata
21/06/2017,3,1,PCN,10,Waitemata
21/06/2017,3,2,PCN,10,Waitemata
21/06/2017,3,3,PCN,10,Waitemata
4/07/2017,1,1,PCN,31,Waitemata
4/07/2017,1,2,PCN,41,Waitemata
4/07/2017,1,3,PCN,10,Waitemata
4/07/2017,2,1,PCN,52,Waitemata
4/07/2017,2,2,PCN,31,Waitemata
4/07/2017,2,3,PCN,20,Waitemata
4/07/2017,3,1,PCN,83,Waitemata
4/07/2017,3,2,PCN,168,Waitemata
4/07/2017,3,3,PCN,63,Waitemata
13/07/2017,1,1,PCN,20,Waitemata
13/07/2017,1,2,PCN,86,Waitemata
13/07/2017,1,3,PCN,63,Waitemata
13/07/2017,2,1,PCN,31,Waitemata
13/07/2017,2,2,PCN,52,Waitemata
13/07/2017,2,3,PCN,31,Waitemata
13/07/2017,3,1,PCN,10,Waitemata
13/07/2017,3,2,PCN,10,Waitemata
13/07/2017,3,3,PCN,20,Waitemata
8/03/2017,1,1,HEE,473,Waitemata
8/03/2017,1,2,HEE,439,Waitemata
8/03/2017,1,3,HEE,350,Waitemata
8/03/2017,2,1,HEE,457,Waitemata
8/03/2017,2,2,HEE,529,Waitemata
8/03/2017,2,3,HEE,644,Waitemata
8/03/2017,3,1,HEE,20,Waitemata
8/03/2017,3,2,HEE,31,Waitemata
8/03/2017,3,3,HEE,52,Waitemata
27/03/2017,1,1,HEE,98,Waitemata
27/03/2017,1,2,HEE,161,Waitemata
27/03/2017,1,3,HEE,155,Waitemata
12/05/2017,3,1,HEE,262,Waitemata
12/05/2017,3,2,HEE,457,Waitemata
12/05/2017,3,3,HEE,471,Waitemata
18/05/2017,3,1,HEE,959,Waitemata
31/05/2017,1,1,HEE,110,Waitemata
31/05/2017,1,2,HEE,84,Waitemata
31/05/2017,1,3,HEE,75,Waitemata
31/05/2017,2,1,HEE,135,Waitemata
31/05/2017,2,2,HEE,171,Waitemata
31/05/2017,2,3,HEE,86,Waitemata
31/05/2017,3,1,HEE,31,Waitemata
31/05/2017,3,2,HEE,10,Waitemata
31/05/2017,3,3,HEE,31,Waitemata
21/06/2017,1,1,HEE,20,Waitemata
21/06/2017,1,2,HEE,31,Waitemata
21/06/2017,1,3,HEE,63,Waitemata
21/06/2017,2,1,HEE,10,Waitemata
21/06/2017,2,2,HEE,10,Waitemata
21/06/2017,2,3,HEE,10,Waitemata
21/06/2017,3,1,HEE,20,Waitemata
21/06/2017,3,2,HEE,10,Waitemata
21/06/2017,3,3,HEE,20,Waitemata
4/07/2017,1,1,HEE,317,Waitemata
4/07/2017,1,2,HEE,201,Waitemata
4/07/2017,1,3,HEE,233,Waitemata
4/07/2017,2,1,HEE,185,Waitemata
4/07/2017,2,2,HEE,173,Waitemata
4/07/2017,2,3,HEE,246,Waitemata
4/07/2017,3,1,HEE,52,Waitemata
4/07/2017,3,2,HEE,41,Waitemata
4/07/2017,3,3,HEE,20,Waitemata
13/07/2017,1,1,HEE,10,Waitemata
13/07/2017,1,2,HEE,108,Waitemata
13/07/2017,1,3,HEE,20,Waitemata
13/07/2017,2,1,HEE,10,Waitemata
13/07/2017,2,2,HEE,10,Waitemata
13/07/2017,2,3,HEE,10,Waitemata
13/07/2017,3,1,HEE,31,Waitemata
13/07/2017,3,2,HEE,20,Waitemata
13/07/2017,3,3,HEE,10,Waitemata
8/03/2017,1,1,HEC,262,Waitemata
8/03/2017,1,2,HEC,199,Waitemata
8/03/2017,1,3,HEC,189,Waitemata
8/03/2017,2,1,HEC,496,Waitemata
8/03/2017,2,2,HEC,399,Waitemata
8/03/2017,2,3,HEC,393,Waitemata
8/03/2017,3,1,HEC,243,Waitemata
8/03/2017,3,2,HEC,86,Waitemata
8/03/2017,3,3,HEC,173,Waitemata
27/03/2017,1,1,HEC,984,Waitemata
27/03/2017,1,2,HEC,959,Waitemata
12/05/2017,1,2,HEC,763,Waitemata
12/05/2017,1,3,HEC,839,Waitemata
12/05/2017,3,2,HEC,743,Waitemata
12/05/2017,3,3,HEC,561,Waitemata
31/05/2017,1,1,HEC,108,Waitemata
31/05/2017,1,2,HEC,86,Waitemata
31/05/2017,1,3,HEC,74,Waitemata
31/05/2017,2,1,HEC,52,Waitemata
31/05/2017,2,2,HEC,52,Waitemata
31/05/2017,2,3,HEC,10,Waitemata
31/05/2017,3,1,HEC,31,Waitemata
31/05/2017,3,2,HEC,20,Waitemata
31/05/2017,3,3,HEC,20,Waitemata
21/06/2017,1,1,HEC,20,Waitemata
21/06/2017,1,2,HEC,10,Waitemata
21/06/2017,1,3,HEC,30,Waitemata
21/06/2017,2,1,HEC,20,Waitemata
21/06/2017,2,2,HEC,41,Waitemata
21/06/2017,2,3,HEC,10,Waitemata
21/06/2017,3,1,HEC,31,Waitemata
21/06/2017,3,2,HEC,10,Waitemata
21/06/2017,3,3,HEC,30,Waitemata
4/07/2017,1,1,HEC,216,Waitemata
4/07/2017,1,2,HEC,201,Waitemata
4/07/2017,1,3,HEC,110,Waitemata
4/07/2017,2,1,HEC,160,Waitemata
4/07/2017,2,2,HEC,146,Waitemata
4/07/2017,2,3,HEC,134,Waitemata
4/07/2017,3,1,HEC,30,Waitemata
4/07/2017,3,2,HEC,52,Waitemata
4/07/2017,3,3,HEC,20,Waitemata
13/07/2017,1,1,HEC,52,Waitemata
13/07/2017,1,2,HEC,97,Waitemata
13/07/2017,1,3,HEC,171,Waitemata
13/07/2017,2,1,HEC,10,Waitemata
13/07/2017,2,2,HEC,10,Waitemata
13/07/2017,2,3,HEC,20,Waitemata
13/07/2017,3,1,HEC,41,Waitemata
13/07/2017,3,2,HEC,10,Waitemata
13/07/2017,3,3,HEC,20,Waitemata
8/03/2017,1,1,HEW,546,Waitemata
8/03/2017,1,2,HEW,512,Waitemata
8/03/2017,1,3,HEW,548,Waitemata
8/03/2017,2,1,HEW,620,Waitemata
8/03/2017,2,2,HEW,529,Waitemata
8/03/2017,2,3,HEW,384,Waitemata
8/03/2017,3,1,HEW,86,Waitemata
8/03/2017,3,2,HEW,134,Waitemata
8/03/2017,3,3,HEW,63,Waitemata
12/05/2017,1,1,HEW,631,Waitemata
12/05/2017,1,2,HEW,487,Waitemata
12/05/2017,1,3,HEW,520,Waitemata
12/05/2017,2,1,HEW,683,Waitemata
12/05/2017,3,1,HEW,867,Waitemata
12/05/2017,3,2,HEW,763,Waitemata
12/05/2017,3,3,HEW,657,Waitemata
18/05/2017,3,2,HEW,816,Waitemata
18/05/2017,3,3,HEW,683,Waitemata
31/05/2017,1,1,HEW,146,Waitemata
31/05/2017,1,2,HEW,41,Waitemata
31/05/2017,1,3,HEW,51,Waitemata
31/05/2017,2,1,HEW,41,Waitemata
31/05/2017,2,2,HEW,85,Waitemata
31/05/2017,2,3,HEW,41,Waitemata
31/05/2017,3,1,HEW,30,Waitemata
31/05/2017,3,2,HEW,52,Waitemata
31/05/2017,3,3,HEW,74,Waitemata
21/06/2017,1,1,HEW,160,Waitemata
21/06/2017,1,2,HEW,41,Waitemata
21/06/2017,1,3,HEW,10,Waitemata
21/06/2017,2,1,HEW,10,Waitemata
21/06/2017,2,2,HEW,10,Waitemata
21/06/2017,2,3,HEW,10,Waitemata
21/06/2017,3,1,HEW,10,Waitemata
21/06/2017,3,2,HEW,10,Waitemata
21/06/2017,3,3,HEW,20,Waitemata
4/07/2017,1,1,HEW,221,Waitemata
4/07/2017,1,2,HEW,216,Waitemata
4/07/2017,1,3,HEW,269,Waitemata
4/07/2017,2,1,HEW,333,Waitemata
4/07/2017,2,2,HEW,160,Waitemata
4/07/2017,2,3,HEW,146,Waitemata
4/07/2017,3,1,HEW,41,Waitemata
4/07/2017,3,2,HEW,10,Waitemata
4/07/2017,3,3,HEW,31,Waitemata
13/07/2017,1,1,HEW,20,Waitemata
13/07/2017,1,2,HEW,10,Waitemata
13/07/2017,1,3,HEW,31,Waitemata
13/07/2017,2,1,HEW,10,Waitemata
13/07/2017,2,2,HEW,10,Waitemata
13/07/2017,2,3,HEW,41,Waitemata
13/07/2017,3,1,HEW,31,Waitemata
13/07/2017,3,2,HEW,41,Waitemata
13/07/2017,3,3,HEW,10,Waitemata
8/03/2017,2,1,HOE,97,Waitemata
8/03/2017,2,2,HOE,85,Waitemata
8/03/2017,2,3,HOE,74,Waitemata
8/03/2017,3,1,HOE,110,Waitemata
8/03/2017,3,2,HOE,96,Waitemata
8/03/2017,3,3,HOE,122,Waitemata
13/03/2017,1,1,HOE,723,Waitemata
13/03/2017,3,1,HOE,563,Waitemata
13/03/2017,3,2,HOE,748,Waitemata
12/05/2017,1,2,HOE,754,Waitemata
12/05/2017,1,3,HOE,631,Waitemata
12/05/2017,2,3,HOE,958,Waitemata
12/05/2017,3,1,HOE,226,Waitemata
12/05/2017,3,2,HOE,213,Waitemata
12/05/2017,3,3,HOE,144,Waitemata
18/05/2017,3,2,HOE,860,Waitemata
31/05/2017,1,1,HOE,301,Waitemata
31/05/2017,1,2,HOE,216,Waitemata
31/05/2017,1,3,HOE,109,Waitemata
31/05/2017,2,1,HOE,10,Waitemata
31/05/2017,2,2,HOE,31,Waitemata
31/05/2017,2,3,HOE,20,Waitemata
31/05/2017,3,1,HOE,10,Waitemata
31/05/2017,3,2,HOE,10,Waitemata
31/05/2017,3,3,HOE,20,Waitemata
21/06/2017,1,1,HOE,41,Waitemata
21/06/2017,1,2,HOE,20,Waitemata
21/06/2017,1,3,HOE,52,Waitemata
21/06/2017,2,1,HOE,41,Waitemata
21/06/2017,2,2,HOE,10,Waitemata
21/06/2017,2,3,HOE,31,Waitemata
21/06/2017,3,1,HOE,10,Waitemata
21/06/2017,3,2,HOE,10,Waitemata
21/06/2017,3,3,HOE,10,Waitemata
4/07/2017,1,1,HOE,246,Waitemata
4/07/2017,1,2,HOE,199,Waitemata
4/07/2017,1,3,HOE,233,Waitemata
4/07/2017,2,1,HOE,171,Waitemata
4/07/2017,2,2,HOE,175,Waitemata
4/07/2017,2,3,HOE,121,Waitemata
4/07/2017,3,1,HOE,85,Waitemata
4/07/2017,3,2,HOE,132,Waitemata
4/07/2017,3,3,HOE,41,Waitemata
13/07/2017,1,1,HOE,52,Waitemata
13/07/2017,1,2,HOE,121,Waitemata
13/07/2017,1,3,HOE,62,Waitemata
13/07/2017,2,1,HOE,20,Waitemata
13/07/2017,2,2,HOE,10,Waitemata
13/07/2017,2,3,HOE,10,Waitemata
13/07/2017,3,1,HOE,10,Waitemata
13/07/2017,3,2,HOE,41,Waitemata
13/07/2017,3,3,HOE,10,Waitemata
8/03/2017,1,1,HOC,464,Waitemata
8/03/2017,1,2,HOC,496,Waitemata
8/03/2017,1,3,HOC,457,Waitemata
8/03/2017,2,1,HOC,216,Waitemata
8/03/2017,2,2,HOC,145,Waitemata
8/03/2017,2,3,HOC,199,Waitemata
13/03/2017,1,2,HOC,985,Waitemata
13/03/2017,3,2,HOC,823,Waitemata
27/03/2017,1,1,HOC,223,Waitemata
27/03/2017,1,2,HOC,359,Waitemata
27/03/2017,1,3,HOC,529,Waitemata
27/03/2017,3,2,HOC,794,Waitemata
27/03/2017,3,3,HOC,794,Waitemata
12/05/2017,1,3,HOC,959,Waitemata
12/05/2017,2,1,HOC,391,Waitemata
12/05/2017,2,2,HOC,457,Waitemata
12/05/2017,2,3,HOC,432,Waitemata
12/05/2017,3,1,HOC,292,Waitemata
12/05/2017,3,2,HOC,275,Waitemata
12/05/2017,3,3,HOC,199,Waitemata
18/05/2017,3,1,HOC,862,Waitemata
18/05/2017,3,2,HOC,798,Waitemata
31/05/2017,1,1,HOC,259,Waitemata
31/05/2017,1,2,HOC,158,Waitemata
31/05/2017,1,3,HOC,158,Waitemata
31/05/2017,2,1,HOC,63,Waitemata
31/05/2017,2,2,HOC,63,Waitemata
31/05/2017,2,3,HOC,98,Waitemata
31/05/2017,3,1,HOC,20,Waitemata
31/05/2017,3,2,HOC,10,Waitemata
31/05/2017,3,3,HOC,10,Waitemata
21/06/2017,1,1,HOC,75,Waitemata
21/06/2017,1,2,HOC,132,Waitemata
21/06/2017,1,3,HOC,127,Waitemata
21/06/2017,2,1,HOC,336,Waitemata
21/06/2017,2,2,HOC,331,Waitemata
21/06/2017,2,3,HOC,379,Waitemata
21/06/2017,3,1,HOC,10,Waitemata
21/06/2017,3,2,HOC,10,Waitemata
21/06/2017,3,3,HOC,10,Waitemata
4/07/2017,1,1,HOC,241,Waitemata
4/07/2017,1,2,HOC,404,Waitemata
4/07/2017,1,3,HOC,189,Waitemata
4/07/2017,2,1,HOC,134,Waitemata
4/07/2017,2,2,HOC,122,Waitemata
4/07/2017,2,3,HOC,173,Waitemata
4/07/2017,3,1,HOC,10,Waitemata
4/07/2017,3,2,HOC,41,Waitemata
4/07/2017,3,3,HOC,31,Waitemata
13/07/2017,1,1,HOC,20,Waitemata
13/07/2017,1,2,HOC,20,Waitemata
13/07/2017,1,3,HOC,72,Waitemata
13/07/2017,2,1,HOC,20,Waitemata
13/07/2017,2,2,HOC,20,Waitemata
13/07/2017,2,3,HOC,10,Waitemata
13/07/2017,3,1,HOC,10,Waitemata
13/07/2017,3,2,HOC,10,Waitemata
13/07/2017,3,3,HOC,10,Waitemata
8/03/2017,1,1,HOW,794,Waitemata
8/03/2017,1,2,HOW,457,Waitemata
8/03/2017,1,3,HOW,602,Waitemata
8/03/2017,2,1,HOW,171,Waitemata
8/03/2017,2,2,HOW,109,Waitemata
8/03/2017,2,3,HOW,203,Waitemata
8/03/2017,3,1,HOW,228,Waitemata
8/03/2017,3,2,HOW,213,Waitemata
8/03/2017,3,3,HOW,108,Waitemata
13/03/2017,1,1,HOW,588,Waitemata
13/03/2017,1,2,HOW,489,Waitemata
13/03/2017,1,3,HOW,771,Waitemata
13/03/2017,3,1,HOW,987,Waitemata
13/03/2017,3,3,HOW,886,Waitemata
27/03/2017,1,2,HOW,908,Waitemata
27/03/2017,3,1,HOW,537,Waitemata
27/03/2017,3,2,HOW,624,Waitemata
27/03/2017,3,3,HOW,408,Waitemata
12/05/2017,1,1,HOW,909,Waitemata
12/05/2017,1,2,HOW,426,Waitemata
12/05/2017,1,3,HOW,759,Waitemata
12/05/2017,2,1,HOW,909,Waitemata
12/05/2017,2,2,HOW,759,Waitemata
12/05/2017,2,3,HOW,794,Waitemata
12/05/2017,3,1,HOW,315,Waitemata
12/05/2017,3,2,HOW,187,Waitemata
12/05/2017,3,3,HOW,420,Waitemata
18/05/2017,3,1,HOW,780,Waitemata
18/05/2017,3,2,HOW,789,Waitemata
18/05/2017,3,3,HOW,602,Waitemata
31/05/2017,1,1,HOW,135,Waitemata
31/05/2017,1,2,HOW,197,Waitemata
31/05/2017,1,3,HOW,173,Waitemata
31/05/2017,2,1,HOW,41,Waitemata
31/05/2017,2,2,HOW,132,Waitemata
31/05/2017,2,3,HOW,75,Waitemata
31/05/2017,3,1,HOW,10,Waitemata
31/05/2017,3,2,HOW,10,Waitemata
31/05/2017,3,3,HOW,31,Waitemata
21/06/2017,1,1,HOW,63,Waitemata
21/06/2017,1,2,HOW,107,Waitemata
21/06/2017,1,3,HOW,51,Waitemata
21/06/2017,2,1,HOW,63,Waitemata
21/06/2017,2,2,HOW,85,Waitemata
21/06/2017,2,3,HOW,41,Waitemata
21/06/2017,3,1,HOW,41,Waitemata
21/06/2017,3,2,HOW,41,Waitemata
21/06/2017,3,3,HOW,41,Waitemata
4/07/2017,1,1,HOW,262,Waitemata
4/07/2017,1,2,HOW,275,Waitemata
4/07/2017,1,3,HOW,228,Waitemata
4/07/2017,2,1,HOW,86,Waitemata
4/07/2017,2,2,HOW,110,Waitemata
4/07/2017,2,3,HOW,98,Waitemata
4/07/2017,3,1,HOW,41,Waitemata
4/07/2017,3,2,HOW,52,Waitemata
4/07/2017,3,3,HOW,20,Waitemata
13/07/2017,1,1,HOW,52,Waitemata
13/07/2017,1,2,HOW,52,Waitemata
13/07/2017,1,3,HOW,41,Waitemata
13/07/2017,2,1,HOW,10,Waitemata
13/07/2017,2,2,HOW,10,Waitemata
13/07/2017,2,3,HOW,10,Waitemata
13/07/2017,3,1,HOW,20,Waitemata
13/07/2017,3,2,HOW,31,Waitemata
13/07/2017,3,3,HOW,10,Waitemata
8/03/2017,1,1,SME,275,Waitemata
8/03/2017,1,2,SME,882,Waitemata
8/03/2017,1,3,SME,771,Waitemata
8/03/2017,2,1,SME,173,Waitemata
8/03/2017,2,2,SME,173,Waitemata
8/03/2017,2,3,SME,246,Waitemata
8/03/2017,3,1,SME,10,Waitemata
8/03/2017,3,2,SME,63,Waitemata
8/03/2017,3,3,SME,31,Waitemata
13/03/2017,1,1,SME,520,Waitemata
13/03/2017,1,2,SME,958,Waitemata
13/03/2017,1,3,SME,842,Waitemata
13/03/2017,2,1,SME,135,Waitemata
13/03/2017,2,2,SME,173,Waitemata
13/03/2017,2,3,SME,85,Waitemata
13/03/2017,3,1,SME,109,Waitemata
13/03/2017,3,2,SME,146,Waitemata
13/03/2017,3,3,SME,211,Waitemata
27/03/2017,3,1,SME,583,Waitemata
27/03/2017,3,2,SME,315,Waitemata
27/03/2017,3,3,SME,359,Waitemata
12/05/2017,1,1,SME,75,Waitemata
12/05/2017,1,2,SME,20,Waitemata
12/05/2017,1,3,SME,97,Waitemata
12/05/2017,2,1,SME,52,Waitemata
12/05/2017,2,2,SME,75,Waitemata
12/05/2017,2,3,SME,63,Waitemata
12/05/2017,3,1,SME,10,Waitemata
12/05/2017,3,2,SME,31,Waitemata
12/05/2017,3,3,SME,10,Waitemata
18/05/2017,3,1,SME,379,Waitemata
18/05/2017,3,2,SME,399,Waitemata
18/05/2017,3,3,SME,441,Waitemata
31/05/2017,1,1,SME,41,Waitemata
31/05/2017,1,2,SME,31,Waitemata
31/05/2017,1,3,SME,20,Waitemata
31/05/2017,2,1,SME,10,Waitemata
31/05/2017,2,2,SME,10,Waitemata
31/05/2017,2,3,SME,10,Waitemata
31/05/2017,3,1,SME,10,Waitemata
31/05/2017,3,2,SME,10,Waitemata
31/05/2017,3,3,SME,10,Waitemata
21/06/2017,1,1,SME,10,Waitemata
21/06/2017,1,2,SME,20,Waitemata
21/06/2017,1,3,SME,10,Waitemata
21/06/2017,2,1,SME,10,Waitemata
21/06/2017,2,2,SME,10,Waitemata
21/06/2017,2,3,SME,10,Waitemata
21/06/2017,3,1,SME,10,Waitemata
21/06/2017,3,2,SME,10,Waitemata
21/06/2017,3,3,SME,10,Waitemata
4/07/2017,1,1,SME,10,Waitemata
4/07/2017,1,2,SME,10,Waitemata
4/07/2017,1,3,SME,10,Waitemata
4/07/2017,2,1,SME,41,Waitemata
4/07/2017,2,2,SME,20,Waitemata
4/07/2017,2,3,SME,75,Waitemata
4/07/2017,3,1,SME,41,Waitemata
4/07/2017,3,2,SME,30,Waitemata
4/07/2017,3,3,SME,31,Waitemata
13/07/2017,1,1,SME,10,Waitemata
13/07/2017,1,2,SME,10,Waitemata
13/07/2017,1,3,SME,10,Waitemata
13/07/2017,2,1,SME,10,Waitemata
13/07/2017,2,2,SME,20,Waitemata
13/07/2017,2,3,SME,20,Waitemata
13/07/2017,3,1,SME,10,Waitemata
13/07/2017,3,2,SME,10,Waitemata
13/07/2017,3,3,SME,10,Waitemata
8/03/2017,1,1,SMC,345,Waitemata
8/03/2017,1,2,SMC,292,Waitemata
8/03/2017,1,3,SMC,327,Waitemata
8/03/2017,2,1,SMC,228,Waitemata
8/03/2017,2,2,SMC,228,Waitemata
8/03/2017,2,3,SMC,175,Waitemata
8/03/2017,3,1,SMC,41,Waitemata
8/03/2017,3,2,SMC,31,Waitemata
8/03/2017,3,3,SMC,52,Waitemata
13/03/2017,1,1,SMC,465,Waitemata
13/03/2017,1,2,SMC,426,Waitemata
13/03/2017,1,3,SMC,345,Waitemata
13/03/2017,2,1,SMC,96,Waitemata
13/03/2017,2,2,SMC,98,Waitemata
13/03/2017,2,3,SMC,41,Waitemata
13/03/2017,3,1,SMC,31,Waitemata
13/03/2017,3,2,SMC,10,Waitemata
13/03/2017,3,3,SMC,31,Waitemata
27/03/2017,3,1,SMC,160,Waitemata
27/03/2017,3,2,SMC,187,Waitemata
27/03/2017,3,3,SMC,98,Waitemata
12/05/2017,1,1,SMC,134,Waitemata
12/05/2017,1,2,SMC,63,Waitemata
12/05/2017,1,3,SMC,120,Waitemata
12/05/2017,2,1,SMC,110,Waitemata
12/05/2017,2,2,SMC,120,Waitemata
12/05/2017,2,3,SMC,74,Waitemata
12/05/2017,3,1,SMC,10,Waitemata
12/05/2017,3,2,SMC,10,Waitemata
12/05/2017,3,3,SMC,20,Waitemata
18/05/2017,2,3,SMC,836,Waitemata
18/05/2017,3,1,SMC,345,Waitemata
18/05/2017,3,2,SMC,209,Waitemata
18/05/2017,3,3,SMC,228,Waitemata
31/05/2017,1,1,SMC,63,Waitemata
31/05/2017,1,2,SMC,41,Waitemata
31/05/2017,1,3,SMC,118,Waitemata
31/05/2017,2,1,SMC,10,Waitemata
31/05/2017,2,2,SMC,10,Waitemata
31/05/2017,2,3,SMC,10,Waitemata
31/05/2017,3,1,SMC,20,Waitemata
31/05/2017,3,2,SMC,31,Waitemata
31/05/2017,3,3,SMC,10,Waitemata
21/06/2017,1,1,SMC,10,Waitemata
21/06/2017,1,2,SMC,10,Waitemata
21/06/2017,1,3,SMC,10,Waitemata
21/06/2017,2,1,SMC,20,Waitemata
21/06/2017,2,2,SMC,10,Waitemata
21/06/2017,2,3,SMC,20,Waitemata
21/06/2017,3,1,SMC,10,Waitemata
21/06/2017,3,2,SMC,10,Waitemata
21/06/2017,3,3,SMC,10,Waitemata
4/07/2017,1,1,SMC,10,Waitemata
4/07/2017,1,2,SMC,20,Waitemata
4/07/2017,1,3,SMC,41,Waitemata
4/07/2017,2,1,SMC,41,Waitemata
4/07/2017,2,2,SMC,10,Waitemata
4/07/2017,2,3,SMC,10,Waitemata
4/07/2017,3,1,SMC,41,Waitemata
4/07/2017,3,2,SMC,20,Waitemata
4/07/2017,3,3,SMC,20,Waitemata
13/07/2017,1,1,SMC,31,Waitemata
13/07/2017,1,2,SMC,10,Waitemata
13/07/2017,1,3,SMC,10,Waitemata
13/07/2017,2,1,SMC,10,Waitemata
13/07/2017,2,2,SMC,10,Waitemata
13/07/2017,2,3,SMC,10,Waitemata
13/07/2017,3,1,SMC,10,Waitemata
13/07/2017,3,2,SMC,10,Waitemata
13/07/2017,3,3,SMC,10,Waitemata
8/03/2017,1,2,SMW,987,Waitemata
8/03/2017,3,1,SMW,364,Waitemata
8/03/2017,3,2,SMW,298,Waitemata
8/03/2017,3,3,SMW,402,Waitemata
13/03/2017,1,1,SMW,528,Waitemata
13/03/2017,1,2,SMW,402,Waitemata
13/03/2017,1,3,SMW,520,Waitemata
13/03/2017,2,1,SMW,20,Waitemata
13/03/2017,2,2,SMW,41,Waitemata
13/03/2017,2,3,SMW,52,Waitemata
13/03/2017,3,1,SMW,74,Waitemata
13/03/2017,3,2,SMW,108,Waitemata
13/03/2017,3,3,SMW,75,Waitemata
27/03/2017,3,1,SMW,122,Waitemata
27/03/2017,3,2,SMW,86,Waitemata
27/03/2017,3,3,SMW,75,Waitemata
12/05/2017,1,2,SMW,776,Waitemata
12/05/2017,2,1,SMW,345,Waitemata
12/05/2017,2,2,SMW,471,Waitemata
12/05/2017,2,3,SMW,256,Waitemata
18/05/2017,1,1,SMW,221,Waitemata
18/05/2017,1,2,SMW,85,Waitemata
18/05/2017,1,3,SMW,160,Waitemata
18/05/2017,2,1,SMW,246,Waitemata
18/05/2017,2,2,SMW,241,Waitemata
18/05/2017,2,3,SMW,171,Waitemata
18/05/2017,3,1,SMW,20,Waitemata
18/05/2017,3,2,SMW,41,Waitemata
18/05/2017,3,3,SMW,20,Waitemata
31/05/2017,1,1,SMW,20,Waitemata
31/05/2017,1,2,SMW,10,Waitemata
31/05/2017,1,3,SMW,10,Waitemata
31/05/2017,2,1,SMW,10,Waitemata
31/05/2017,2,2,SMW,10,Waitemata
31/05/2017,2,3,SMW,10,Waitemata
31/05/2017,3,1,SMW,10,Waitemata
31/05/2017,3,2,SMW,10,Waitemata
31/05/2017,3,3,SMW,10,Waitemata
21/06/2017,1,1,SMW,51,Waitemata
21/06/2017,1,2,SMW,84,Waitemata
21/06/2017,1,3,SMW,41,Waitemata
21/06/2017,2,1,SMW,213,Waitemata
21/06/2017,2,2,SMW,448,Waitemata
21/06/2017,2,3,SMW,383,Waitemata
21/06/2017,3,1,SMW,85,Waitemata
21/06/2017,3,2,SMW,63,Waitemata
21/06/2017,3,3,SMW,135,Waitemata
4/07/2017,1,1,SMW,31,Waitemata
4/07/2017,1,2,SMW,41,Waitemata
4/07/2017,1,3,SMW,10,Waitemata
4/07/2017,2,1,SMW,10,Waitemata
4/07/2017,2,2,SMW,10,Waitemata
4/07/2017,2,3,SMW,30,Waitemata
4/07/2017,3,1,SMW,20,Waitemata
4/07/2017,3,2,SMW,10,Waitemata
4/07/2017,3,3,SMW,20,Waitemata
13/07/2017,1,1,SMW,75,Waitemata
13/07/2017,1,2,SMW,10,Waitemata
13/07/2017,1,3,SMW,10,Waitemata
13/07/2017,2,1,SMW,10,Waitemata
13/07/2017,2,2,SMW,52,Waitemata
13/07/2017,2,3,SMW,10,Waitemata
13/07/2017,3,1,SMW,10,Waitemata
13/07/2017,3,2,SMW,10,Waitemata
13/07/2017,3,3,SMW,10,Waitemata
8/03/2017,3,1,OKE,120,Waitemata
8/03/2017,3,2,OKE,97,Waitemata
8/03/2017,3,3,OKE,109,Waitemata
13/03/2017,2,1,OKE,368,Waitemata
13/03/2017,2,2,OKE,645,Waitemata
13/03/2017,2,3,OKE,670,Waitemata
13/03/2017,3,1,OKE,20,Waitemata
13/03/2017,3,2,OKE,41,Waitemata
13/03/2017,3,3,OKE,10,Waitemata
12/05/2017,1,1,OKE,226,Waitemata
12/05/2017,1,2,OKE,537,Waitemata
12/05/2017,1,3,OKE,368,Waitemata
12/05/2017,2,1,OKE,341,Waitemata
12/05/2017,2,2,OKE,435,Waitemata
12/05/2017,2,3,OKE,379,Waitemata
12/05/2017,3,1,OKE,10,Waitemata
12/05/2017,3,2,OKE,30,Waitemata
12/05/2017,3,3,OKE,10,Waitemata
18/05/2017,2,1,OKE,471,Waitemata
18/05/2017,2,2,OKE,448,Waitemata
18/05/2017,2,3,OKE,480,Waitemata
18/05/2017,3,1,OKE,173,Waitemata
18/05/2017,3,2,OKE,201,Waitemata
18/05/2017,3,3,OKE,193,Waitemata
31/05/2017,1,1,OKE,393,Waitemata
31/05/2017,1,2,OKE,743,Waitemata
31/05/2017,1,3,OKE,439,Waitemata
31/05/2017,2,1,OKE,97,Waitemata
31/05/2017,2,2,OKE,171,Waitemata
31/05/2017,2,3,OKE,120,Waitemata
31/05/2017,3,1,OKE,10,Waitemata
31/05/2017,3,2,OKE,20,Waitemata
31/05/2017,3,3,OKE,10,Waitemata
21/06/2017,1,1,OKE,52,Waitemata
21/06/2017,1,2,OKE,63,Waitemata
21/06/2017,1,3,OKE,31,Waitemata
21/06/2017,2,1,OKE,10,Waitemata
21/06/2017,2,2,OKE,31,Waitemata
21/06/2017,2,3,OKE,31,Waitemata
21/06/2017,3,1,OKE,10,Waitemata
21/06/2017,3,2,OKE,10,Waitemata
21/06/2017,3,3,OKE,20,Waitemata
4/07/2017,1,1,OKE,132,Waitemata
4/07/2017,1,2,OKE,52,Waitemata
4/07/2017,1,3,OKE,544,Waitemata
4/07/2017,2,1,OKE,10,Waitemata
4/07/2017,2,2,OKE,63,Waitemata
4/07/2017,2,3,OKE,10,Waitemata
4/07/2017,3,1,OKE,30,Waitemata
4/07/2017,3,2,OKE,52,Waitemata
4/07/2017,3,3,OKE,10,Waitemata
13/07/2017,1,1,OKE,41,Waitemata
13/07/2017,1,2,OKE,41,Waitemata
13/07/2017,1,3,OKE,41,Waitemata
13/07/2017,2,1,OKE,20,Waitemata
13/07/2017,2,2,OKE,10,Waitemata
13/07/2017,2,3,OKE,31,Waitemata
13/07/2017,3,1,OKE,20,Waitemata
13/07/2017,3,2,OKE,10,Waitemata
13/07/2017,3,3,OKE,10,Waitemata
8/03/2017,2,1,OKC,98,Waitemata
8/03/2017,2,2,OKC,63,Waitemata
8/03/2017,2,3,OKC,108,Waitemata
8/03/2017,3,1,OKC,213,Waitemata
8/03/2017,3,2,OKC,161,Waitemata
8/03/2017,3,3,OKC,175,Waitemata
13/03/2017,1,1,OKC,631,Waitemata
13/03/2017,1,2,OKC,689,Waitemata
13/03/2017,1,3,OKC,826,Waitemata
13/03/2017,2,1,OKC,294,Waitemata
13/03/2017,2,2,OKC,249,Waitemata
13/03/2017,2,3,OKC,275,Waitemata
13/03/2017,3,1,OKC,132,Waitemata
13/03/2017,3,2,OKC,135,Waitemata
13/03/2017,3,3,OKC,98,Waitemata
27/03/2017,3,1,OKC,228,Waitemata
27/03/2017,3,2,OKC,399,Waitemata
27/03/2017,3,3,OKC,279,Waitemata
12/05/2017,1,1,OKC,279,Waitemata
12/05/2017,1,2,OKC,359,Waitemata
12/05/2017,1,3,OKC,404,Waitemata
12/05/2017,2,1,OKC,305,Waitemata
12/05/2017,2,2,OKC,663,Waitemata
12/05/2017,2,3,OKC,670,Waitemata
12/05/2017,3,1,OKC,98,Waitemata
12/05/2017,3,2,OKC,161,Waitemata
12/05/2017,3,3,OKC,145,Waitemata
18/05/2017,2,1,OKC,408,Waitemata
18/05/2017,2,2,OKC,399,Waitemata
18/05/2017,2,3,OKC,473,Waitemata
18/05/2017,3,1,OKC,292,Waitemata
18/05/2017,3,2,OKC,327,Waitemata
18/05/2017,3,3,OKC,457,Waitemata
31/05/2017,1,1,OKC,74,Waitemata
31/05/2017,1,2,OKC,30,Waitemata
31/05/2017,1,3,OKC,10,Waitemata
31/05/2017,2,1,OKC,63,Waitemata
31/05/2017,2,2,OKC,52,Waitemata
31/05/2017,2,3,OKC,96,Waitemata
31/05/2017,3,1,OKC,20,Waitemata
31/05/2017,3,2,OKC,20,Waitemata
31/05/2017,3,3,OKC,52,Waitemata
21/06/2017,1,1,OKC,10,Waitemata
21/06/2017,1,2,OKC,10,Waitemata
21/06/2017,1,3,OKC,10,Waitemata
21/06/2017,2,1,OKC,10,Waitemata
21/06/2017,2,2,OKC,10,Waitemata
21/06/2017,2,3,OKC,10,Waitemata
21/06/2017,3,1,OKC,10,Waitemata
21/06/2017,3,2,OKC,10,Waitemata
21/06/2017,3,3,OKC,10,Waitemata
4/07/2017,1,1,OKC,130,Waitemata
4/07/2017,1,2,OKC,195,Waitemata
4/07/2017,1,3,OKC,482,Waitemata
4/07/2017,2,1,OKC,20,Waitemata
4/07/2017,2,2,OKC,10,Waitemata
4/07/2017,2,3,OKC,20,Waitemata
4/07/2017,3,1,OKC,10,Waitemata
4/07/2017,3,2,OKC,20,Waitemata
4/07/2017,3,3,OKC,10,Waitemata
13/07/2017,1,1,OKC,10,Waitemata
13/07/2017,1,2,OKC,52,Waitemata
13/07/2017,1,3,OKC,52,Waitemata
13/07/2017,2,1,OKC,10,Waitemata
13/07/2017,2,2,OKC,10,Waitemata
13/07/2017,2,3,OKC,10,Waitemata
13/07/2017,3,1,OKC,41,Waitemata
13/07/2017,3,2,OKC,10,Waitemata
13/07/2017,3,3,OKC,10,Waitemata
8/03/2017,1,1,OKW,441,Waitemata
8/03/2017,1,2,OKW,624,Waitemata
8/03/2017,1,3,OKW,857,Waitemata
8/03/2017,2,1,OKW,677,Waitemata
8/03/2017,2,3,OKW,836,Waitemata
8/03/2017,3,1,OKW,86,Waitemata
8/03/2017,3,2,OKW,146,Waitemata
8/03/2017,3,3,OKW,63,Waitemata
13/03/2017,1,1,OKW,910,Waitemata
13/03/2017,1,2,OKW,683,Waitemata
13/03/2017,2,1,OKW,336,Waitemata
13/03/2017,2,2,OKW,583,Waitemata
13/03/2017,2,3,OKW,561,Waitemata
13/03/2017,3,1,OKW,41,Waitemata
13/03/2017,3,2,OKW,20,Waitemata
13/03/2017,3,3,OKW,20,Waitemata
27/03/2017,3,1,OKW,86,Waitemata
27/03/2017,3,2,OKW,109,Waitemata
27/03/2017,3,3,OKW,134,Waitemata
12/05/2017,1,1,OKW,259,Waitemata
12/05/2017,1,2,OKW,473,Waitemata
12/05/2017,1,3,OKW,450,Waitemata
12/05/2017,2,1,OKW,404,Waitemata
12/05/2017,2,2,OKW,487,Waitemata
12/05/2017,2,3,OKW,455,Waitemata
12/05/2017,3,1,OKW,52,Waitemata
12/05/2017,3,2,OKW,10,Waitemata
12/05/2017,3,3,OKW,52,Waitemata
18/05/2017,2,1,OKW,717,Waitemata
18/05/2017,2,2,OKW,798,Waitemata
18/05/2017,2,3,OKW,563,Waitemata
18/05/2017,3,1,OKW,341,Waitemata
18/05/2017,3,2,OKW,181,Waitemata
18/05/2017,3,3,OKW,350,Waitemata
31/05/2017,1,1,OKW,31,Waitemata
31/05/2017,1,2,OKW,20,Waitemata
31/05/2017,1,3,OKW,97,Waitemata
31/05/2017,2,1,OKW,341,Waitemata
31/05/2017,2,2,OKW,216,Waitemata
31/05/2017,2,3,OKW,132,Waitemata
31/05/2017,3,1,OKW,10,Waitemata
31/05/2017,3,2,OKW,10,Waitemata
31/05/2017,3,3,OKW,74,Waitemata
21/06/2017,1,1,OKW,10,Waitemata
21/06/2017,1,2,OKW,10,Waitemata
21/06/2017,1,3,OKW,10,Waitemata
21/06/2017,2,1,OKW,10,Waitemata
21/06/2017,2,2,OKW,10,Waitemata
21/06/2017,2,3,OKW,10,Waitemata
21/06/2017,3,1,OKW,10,Waitemata
21/06/2017,3,2,OKW,10,Waitemata
21/06/2017,3,3,OKW,20,Waitemata
4/07/2017,1,1,OKW,31,Waitemata
4/07/2017,1,2,OKW,62,Waitemata
4/07/2017,1,3,OKW,10,Waitemata
4/07/2017,2,1,OKW,10,Waitemata
4/07/2017,2,2,OKW,31,Waitemata
4/07/2017,2,3,OKW,10,Waitemata
4/07/2017,3,1,OKW,52,Waitemata
4/07/2017,3,2,OKW,20,Waitemata
4/07/2017,3,3,OKW,30,Waitemata
13/07/2017,1,1,OKW,10,Waitemata
13/07/2017,1,2,OKW,10,Waitemata
13/07/2017,1,3,OKW,41,Waitemata
13/07/2017,2,1,OKW,20,Waitemata
13/07/2017,2,2,OKW,52,Waitemata
13/07/2017,2,3,OKW,10,Waitemata
13/07/2017,3,1,OKW,31,Waitemata
13/07/2017,3,2,OKW,20,Waitemata
13/07/2017,3,3,OKW,10,Waitemata
8/03/2017,1,1,MBE,624,Waitemata
8/03/2017,1,2,MBE,776,Waitemata
8/03/2017,1,3,MBE,650,Waitemata
8/03/2017,2,1,MBE,613,Waitemata
8/03/2017,2,2,MBE,512,Waitemata
8/03/2017,2,3,MBE,573,Waitemata
8/03/2017,3,2,MBE,934,Waitemata
8/03/2017,3,3,MBE,833,Waitemata
13/03/2017,1,1,MBE,771,Waitemata
13/03/2017,1,2,MBE,801,Waitemata
13/03/2017,1,3,MBE,794,Waitemata
13/03/2017,2,1,MBE,152,Waitemata
13/03/2017,2,2,MBE,185,Waitemata
13/03/2017,2,3,MBE,156,Waitemata
13/03/2017,3,1,MBE,142,Waitemata
13/03/2017,3,2,MBE,121,Waitemata
13/03/2017,3,3,MBE,121,Waitemata
27/03/2017,3,1,MBE,63,Waitemata
27/03/2017,3,2,MBE,52,Waitemata
27/03/2017,3,3,MBE,75,Waitemata
12/05/2017,1,1,MBE,355,Waitemata
12/05/2017,1,2,MBE,435,Waitemata
12/05/2017,1,3,MBE,383,Waitemata
12/05/2017,2,1,MBE,591,Waitemata
12/05/2017,2,2,MBE,331,Waitemata
12/05/2017,2,3,MBE,591,Waitemata
12/05/2017,3,1,MBE,609,Waitemata
12/05/2017,3,2,MBE,959,Waitemata
12/05/2017,3,3,MBE,717,Waitemata
18/05/2017,2,1,MBE,130,Waitemata
18/05/2017,2,2,MBE,185,Waitemata
18/05/2017,2,3,MBE,109,Waitemata
18/05/2017,3,1,MBE,63,Waitemata
18/05/2017,3,2,MBE,41,Waitemata
18/05/2017,3,3,MBE,52,Waitemata
31/05/2017,1,1,MBE,272,Waitemata
31/05/2017,1,2,MBE,299,Waitemata
31/05/2017,1,3,MBE,295,Waitemata
31/05/2017,2,1,MBE,272,Waitemata
31/05/2017,2,2,MBE,246,Waitemata
31/05/2017,2,3,MBE,203,Waitemata
31/05/2017,3,1,MBE,31,Waitemata
31/05/2017,3,2,MBE,51,Waitemata
31/05/2017,3,3,MBE,20,Waitemata
21/06/2017,1,1,MBE,74,Waitemata
21/06/2017,1,2,MBE,120,Waitemata
21/06/2017,1,3,MBE,31,Waitemata
21/06/2017,2,1,MBE,20,Waitemata
21/06/2017,2,2,MBE,10,Waitemata
21/06/2017,2,3,MBE,10,Waitemata
21/06/2017,3,1,MBE,10,Waitemata
21/06/2017,3,2,MBE,30,Waitemata
21/06/2017,3,3,MBE,20,Waitemata
4/07/2017,1,1,MBE,63,Waitemata
4/07/2017,1,2,MBE,63,Waitemata
4/07/2017,1,3,MBE,93,Waitemata
4/07/2017,2,1,MBE,20,Waitemata
4/07/2017,2,2,MBE,52,Waitemata
4/07/2017,2,3,MBE,20,Waitemata
4/07/2017,3,1,MBE,31,Waitemata
4/07/2017,3,2,MBE,41,Waitemata
4/07/2017,3,3,MBE,20,Waitemata
13/07/2017,1,1,MBE,31,Waitemata
13/07/2017,1,2,MBE,110,Waitemata
13/07/2017,1,3,MBE,52,Waitemata
13/07/2017,2,1,MBE,20,Waitemata
13/07/2017,2,2,MBE,10,Waitemata
13/07/2017,2,3,MBE,10,Waitemata
13/07/2017,3,1,MBE,20,Waitemata
13/07/2017,3,2,MBE,10,Waitemata
13/07/2017,3,3,MBE,10,Waitemata
8/03/2017,1,1,MBC,884,Waitemata
8/03/2017,1,2,MBC,988,Waitemata
8/03/2017,1,3,MBC,909,Waitemata
8/03/2017,3,2,MBC,984,Waitemata
8/03/2017,3,3,MBC,909,Waitemata
13/03/2017,1,1,MBC,464,Waitemata
13/03/2017,1,2,MBC,780,Waitemata
13/03/2017,1,3,MBC,839,Waitemata
13/03/2017,2,1,MBC,74,Waitemata
13/03/2017,2,2,MBC,63,Waitemata
13/03/2017,2,3,MBC,109,Waitemata
13/03/2017,3,1,MBC,209,Waitemata
13/03/2017,3,2,MBC,98,Waitemata
13/03/2017,3,3,MBC,185,Waitemata
27/03/2017,2,3,MBC,798,Waitemata
27/03/2017,3,1,MBC,845,Waitemata
27/03/2017,3,3,MBC,987,Waitemata
12/05/2017,1,1,MBC,594,Waitemata
12/05/2017,1,2,MBC,591,Waitemata
12/05/2017,1,3,MBC,536,Waitemata
12/05/2017,2,1,MBC,355,Waitemata
12/05/2017,2,2,MBC,221,Waitemata
12/05/2017,2,3,MBC,441,Waitemata
12/05/2017,3,1,MBC,250,Waitemata
12/05/2017,3,2,MBC,369,Waitemata
12/05/2017,3,3,MBC,291,Waitemata
18/05/2017,2,1,MBC,158,Waitemata
18/05/2017,2,2,MBC,146,Waitemata
18/05/2017,2,3,MBC,52,Waitemata
18/05/2017,3,1,MBC,97,Waitemata
18/05/2017,3,2,MBC,41,Waitemata
18/05/2017,3,3,MBC,74,Waitemata
31/05/2017,1,1,MBC,833,Waitemata
31/05/2017,1,2,MBC,798,Waitemata
31/05/2017,1,3,MBC,759,Waitemata
31/05/2017,2,1,MBC,393,Waitemata
31/05/2017,2,2,MBC,211,Waitemata
31/05/2017,2,3,MBC,275,Waitemata
31/05/2017,3,1,MBC,41,Waitemata
31/05/2017,3,2,MBC,63,Waitemata
31/05/2017,3,3,MBC,20,Waitemata
21/06/2017,1,1,MBC,399,Waitemata
21/06/2017,1,2,MBC,20,Waitemata
21/06/2017,1,3,MBC,63,Waitemata
21/06/2017,2,1,MBC,31,Waitemata
21/06/2017,2,2,MBC,52,Waitemata
21/06/2017,2,3,MBC,20,Waitemata
21/06/2017,3,1,MBC,63,Waitemata
21/06/2017,3,2,MBC,63,Waitemata
21/06/2017,3,3,MBC,52,Waitemata
4/07/2017,1,1,MBC,10,Waitemata
4/07/2017,1,2,MBC,20,Waitemata
4/07/2017,1,3,MBC,10,Waitemata
4/07/2017,2,1,MBC,10,Waitemata
4/07/2017,2,2,MBC,10,Waitemata
4/07/2017,2,3,MBC,30,Waitemata
4/07/2017,3,1,MBC,10,Waitemata
4/07/2017,3,2,MBC,10,Waitemata
4/07/2017,3,3,MBC,10,Waitemata
13/07/2017,1,1,MBC,31,Waitemata
13/07/2017,1,2,MBC,20,Waitemata
13/07/2017,1,3,MBC,31,Waitemata
13/07/2017,2,1,MBC,10,Waitemata
13/07/2017,2,2,MBC,10,Waitemata
13/07/2017,2,3,MBC,10,Waitemata
13/07/2017,3,1,MBC,30,Waitemata
13/07/2017,3,2,MBC,10,Waitemata
13/07/2017,3,3,MBC,10,Waitemata
8/03/2017,1,1,MBW,695,Waitemata
8/03/2017,1,2,MBW,836,Waitemata
8/03/2017,1,3,MBW,987,Waitemata
8/03/2017,3,1,MBW,865,Waitemata
13/03/2017,1,1,MBW,784,Waitemata
13/03/2017,1,2,MBW,591,Waitemata
13/03/2017,1,3,MBW,847,Waitemata
13/03/2017,2,1,MBW,108,Waitemata
13/03/2017,2,2,MBW,52,Waitemata
13/03/2017,2,3,MBW,63,Waitemata
13/03/2017,3,1,MBW,201,Waitemata
13/03/2017,3,2,MBW,331,Waitemata
13/03/2017,3,3,MBW,279,Waitemata
12/05/2017,1,1,MBW,414,Waitemata
12/05/2017,1,2,MBW,496,Waitemata
12/05/2017,1,3,MBW,292,Waitemata
12/05/2017,2,1,MBW,275,Waitemata
12/05/2017,2,2,MBW,318,Waitemata
12/05/2017,2,3,MBW,393,Waitemata
12/05/2017,3,1,MBW,717,Waitemata
12/05/2017,3,2,MBW,301,Waitemata
12/05/2017,3,3,MBW,529,Waitemata
18/05/2017,2,1,MBW,145,Waitemata
18/05/2017,2,2,MBW,171,Waitemata
18/05/2017,2,3,MBW,85,Waitemata
18/05/2017,3,1,MBW,109,Waitemata
18/05/2017,3,2,MBW,134,Waitemata
18/05/2017,3,3,MBW,85,Waitemata
31/05/2017,1,1,MBW,364,Waitemata
31/05/2017,1,2,MBW,216,Waitemata
31/05/2017,1,3,MBW,305,Waitemata
31/05/2017,2,1,MBW,158,Waitemata
31/05/2017,2,2,MBW,185,Waitemata
31/05/2017,2,3,MBW,199,Waitemata
31/05/2017,3,2,MBW,31,Waitemata
31/05/2017,3,3,MBW,10,Waitemata
21/06/2017,1,1,MBW,10,Waitemata
21/06/2017,1,2,MBW,10,Waitemata
21/06/2017,1,3,MBW,10,Waitemata
21/06/2017,2,1,MBW,171,Waitemata
21/06/2017,2,2,MBW,122,Waitemata
21/06/2017,2,3,MBW,145,Waitemata
21/06/2017,3,1,MBW,10,Waitemata
21/06/2017,3,2,MBW,10,Waitemata
21/06/2017,3,3,MBW,41,Waitemata
4/07/2017,1,1,MBW,20,Waitemata
4/07/2017,1,2,MBW,10,Waitemata
4/07/2017,1,3,MBW,10,Waitemata
4/07/2017,2,1,MBW,97,Waitemata
4/07/2017,2,2,MBW,74,Waitemata
4/07/2017,2,3,MBW,85,Waitemata
4/07/2017,3,1,MBW,10,Waitemata
4/07/2017,3,2,MBW,20,Waitemata
4/07/2017,3,3,MBW,10,Waitemata
13/07/2017,1,1,MBW,20,Waitemata
13/07/2017,1,2,MBW,10,Waitemata
13/07/2017,1,3,MBW,10,Waitemata
13/07/2017,2,1,MBW,10,Waitemata
13/07/2017,2,2,MBW,20,Waitemata
13/07/2017,2,3,MBW,10,Waitemata
13/07/2017,3,1,MBW,10,Waitemata
13/07/2017,3,2,MBW,10,Waitemata
13/07/2017,3,3,MBW,10,Waitemata
8/03/2017,1,1,KOE,644,Waitemata
8/03/2017,1,2,KOE,598,Waitemata
8/03/2017,1,3,KOE,689,Waitemata
13/03/2017,1,1,KOE,359,Waitemata
13/03/2017,1,2,KOE,359,Waitemata
13/03/2017,1,3,KOE,573,Waitemata
13/03/2017,2,1,KOE,75,Waitemata
13/03/2017,2,3,KOE,62,Waitemata
13/03/2017,3,1,KOE,31,Waitemata
13/03/2017,3,2,KOE,52,Waitemata
13/03/2017,3,3,KOE,10,Waitemata
27/03/2017,2,1,KOE,911,Waitemata
12/05/2017,1,3,KOE,959,Waitemata
12/05/2017,2,1,KOE,723,Waitemata
12/05/2017,3,1,KOE,399,Waitemata
12/05/2017,3,2,KOE,256,Waitemata
12/05/2017,3,3,KOE,299,Waitemata
18/05/2017,1,3,KOE,987,Waitemata
18/05/2017,2,1,KOE,712,Waitemata
18/05/2017,2,2,KOE,627,Waitemata
18/05/2017,2,3,KOE,657,Waitemata
18/05/2017,3,1,KOE,161,Waitemata
18/05/2017,3,2,KOE,166,Waitemata
18/05/2017,3,3,KOE,247,Waitemata
31/05/2017,1,1,KOE,158,Waitemata
31/05/2017,1,2,KOE,63,Waitemata
31/05/2017,1,3,KOE,158,Waitemata
31/05/2017,2,1,KOE,41,Waitemata
31/05/2017,2,2,KOE,98,Waitemata
31/05/2017,2,3,KOE,161,Waitemata
31/05/2017,3,1,KOE,31,Waitemata
31/05/2017,3,2,KOE,63,Waitemata
31/05/2017,3,3,KOE,52,Waitemata
21/06/2017,1,1,KOE,52,Waitemata
21/06/2017,1,2,KOE,31,Waitemata
21/06/2017,1,3,KOE,52,Waitemata
21/06/2017,2,1,KOE,20,Waitemata
21/06/2017,2,2,KOE,10,Waitemata
21/06/2017,2,3,KOE,10,Waitemata
21/06/2017,3,1,KOE,10,Waitemata
21/06/2017,3,2,KOE,10,Waitemata
21/06/2017,3,3,KOE,10,Waitemata
4/07/2017,1,1,KOE,226,Waitemata
4/07/2017,1,2,KOE,377,Waitemata
4/07/2017,1,3,KOE,375,Waitemata
4/07/2017,2,1,KOE,31,Waitemata
4/07/2017,2,2,KOE,52,Waitemata
4/07/2017,2,3,KOE,85,Waitemata
4/07/2017,3,1,KOE,10,Waitemata
4/07/2017,3,2,KOE,30,Waitemata
4/07/2017,3,3,KOE,41,Waitemata
13/07/2017,1,1,KOE,332,Waitemata
13/07/2017,1,2,KOE,197,Waitemata
13/07/2017,1,3,KOE,262,Waitemata
13/07/2017,2,1,KOE,10,Waitemata
13/07/2017,2,2,KOE,31,Waitemata
13/07/2017,2,3,KOE,10,Waitemata
13/07/2017,3,1,KOE,10,Waitemata
13/07/2017,3,2,KOE,31,Waitemata
13/07/2017,3,3,KOE,30,Waitemata
8/03/2017,1,1,KOC,457,Waitemata
8/03/2017,1,2,KOC,487,Waitemata
8/03/2017,1,3,KOC,561,Waitemata
13/03/2017,1,1,KOC,411,Waitemata
13/03/2017,1,2,KOC,693,Waitemata
13/03/2017,1,3,KOC,585,Waitemata
13/03/2017,2,1,KOC,160,Waitemata
13/03/2017,2,2,KOC,259,Waitemata
13/03/2017,2,3,KOC,221,Waitemata
13/03/2017,3,1,KOC,20,Waitemata
13/03/2017,3,2,KOC,20,Waitemata
13/03/2017,3,3,KOC,20,Waitemata
27/03/2017,2,1,KOC,450,Waitemata
27/03/2017,2,2,KOC,315,Waitemata
27/03/2017,2,3,KOC,355,Waitemata
27/03/2017,3,1,KOC,187,Waitemata
27/03/2017,3,2,KOC,256,Waitemata
27/03/2017,3,3,KOC,318,Waitemata
12/05/2017,3,1,KOC,909,Waitemata
18/05/2017,2,1,KOC,545,Waitemata
18/05/2017,2,2,KOC,591,Waitemata
18/05/2017,2,3,KOC,591,Waitemata
18/05/2017,3,1,KOC,107,Waitemata
18/05/2017,3,2,KOC,155,Waitemata
18/05/2017,3,3,KOC,110,Waitemata
31/05/2017,1,1,KOC,96,Waitemata
31/05/2017,1,2,KOC,195,Waitemata
31/05/2017,1,3,KOC,121,Waitemata
31/05/2017,2,1,KOC,171,Waitemata
31/05/2017,2,2,KOC,122,Waitemata
31/05/2017,2,3,KOC,97,Waitemata
31/05/2017,3,1,KOC,30,Waitemata
31/05/2017,3,2,KOC,30,Waitemata
31/05/2017,3,3,KOC,86,Waitemata
21/06/2017,1,1,KOC,10,Waitemata
21/06/2017,1,2,KOC,20,Waitemata
21/06/2017,1,3,KOC,52,Waitemata
21/06/2017,2,1,KOC,10,Waitemata
21/06/2017,2,2,KOC,41,Waitemata
21/06/2017,2,3,KOC,31,Waitemata
21/06/2017,3,1,KOC,20,Waitemata
21/06/2017,3,2,KOC,51,Waitemata
21/06/2017,3,3,KOC,20,Waitemata
4/07/2017,1,1,KOC,41,Waitemata
4/07/2017,1,2,KOC,74,Waitemata
4/07/2017,1,3,KOC,31,Waitemata
4/07/2017,2,1,KOC,20,Waitemata
4/07/2017,2,2,KOC,20,Waitemata
4/07/2017,2,3,KOC,10,Waitemata
4/07/2017,3,1,KOC,10,Waitemata
4/07/2017,3,2,KOC,20,Waitemata
4/07/2017,3,3,KOC,10,Waitemata
13/07/2017,1,1,KOC,10,Waitemata
13/07/2017,1,2,KOC,10,Waitemata
13/07/2017,1,3,KOC,10,Waitemata
13/07/2017,2,1,KOC,10,Waitemata
13/07/2017,2,2,KOC,20,Waitemata
13/07/2017,2,3,KOC,20,Waitemata
13/07/2017,3,1,KOC,10,Waitemata
13/07/2017,3,2,KOC,10,Waitemata
13/07/2017,3,3,KOC,52,Waitemata
8/03/2017,1,1,KOW,676,Waitemata
8/03/2017,1,2,KOW,528,Waitemata
8/03/2017,1,3,KOW,657,Waitemata
8/03/2017,2,1,KOW,573,Waitemata
8/03/2017,2,2,KOW,520,Waitemata
8/03/2017,2,3,KOW,474,Waitemata
13/03/2017,1,1,KOW,364,Waitemata
13/03/2017,1,2,KOW,309,Waitemata
13/03/2017,1,3,KOW,471,Waitemata
13/03/2017,2,1,KOW,181,Waitemata
13/03/2017,2,2,KOW,30,Waitemata
13/03/2017,2,3,KOW,75,Waitemata
13/03/2017,3,1,KOW,95,Waitemata
13/03/2017,3,2,KOW,160,Waitemata
13/03/2017,3,3,KOW,30,Waitemata
27/03/2017,2,1,KOW,288,Waitemata
27/03/2017,2,2,KOW,323,Waitemata
27/03/2017,2,3,KOW,303,Waitemata
27/03/2017,3,1,KOW,336,Waitemata
27/03/2017,3,2,KOW,384,Waitemata
27/03/2017,3,3,KOW,399,Waitemata
12/05/2017,3,1,KOW,169,Waitemata
12/05/2017,3,2,KOW,253,Waitemata
12/05/2017,3,3,KOW,464,Waitemata
18/05/2017,2,1,KOW,487,Waitemata
18/05/2017,2,2,KOW,383,Waitemata
18/05/2017,2,3,KOW,377,Waitemata
18/05/2017,3,1,KOW,148,Waitemata
18/05/2017,3,2,KOW,148,Waitemata
18/05/2017,3,3,KOW,135,Waitemata
31/05/2017,1,1,KOW,98,Waitemata
31/05/2017,1,2,KOW,75,Waitemata
31/05/2017,1,3,KOW,73,Waitemata
31/05/2017,2,1,KOW,98,Waitemata
31/05/2017,2,2,KOW,74,Waitemata
31/05/2017,2,3,KOW,135,Waitemata
31/05/2017,3,1,KOW,10,Waitemata
31/05/2017,3,2,KOW,31,Waitemata
21/06/2017,1,1,KOW,20,Waitemata
21/06/2017,1,2,KOW,41,Waitemata
21/06/2017,1,3,KOW,10,Waitemata
21/06/2017,2,1,KOW,107,Waitemata
21/06/2017,2,2,KOW,62,Waitemata
21/06/2017,2,3,KOW,31,Waitemata
21/06/2017,3,1,KOW,31,Waitemata
21/06/2017,3,2,KOW,20,Waitemata
21/06/2017,3,3,KOW,20,Waitemata
4/07/2017,1,1,KOW,10,Waitemata
4/07/2017,1,2,KOW,52,Waitemata
4/07/2017,1,3,KOW,52,Waitemata
4/07/2017,2,1,KOW,52,Waitemata
4/07/2017,2,2,KOW,41,Waitemata
4/07/2017,2,3,KOW,31,Waitemata
4/07/2017,3,1,KOW,74,Waitemata
4/07/2017,3,2,KOW,30,Waitemata
4/07/2017,3,3,KOW,62,Waitemata
13/07/2017,1,1,KOW,20,Waitemata
13/07/2017,1,2,KOW,20,Waitemata
13/07/2017,1,3,KOW,10,Waitemata
13/07/2017,2,1,KOW,40,Waitemata
13/07/2017,2,2,KOW,63,Waitemata
13/07/2017,2,3,KOW,63,Waitemata
13/07/2017,3,1,KOW,20,Waitemata
13/07/2017,3,2,KOW,10,Waitemata
13/07/2017,3,3,KOW,10,Waitemata
8/03/2017,1,1,SHE,223,Waitemata
8/03/2017,1,2,SHE,318,Waitemata
8/03/2017,1,3,SHE,209,Waitemata
8/03/2017,2,1,SHE,98,Waitemata
8/03/2017,2,2,SHE,63,Waitemata
8/03/2017,2,3,SHE,52,Waitemata
13/03/2017,1,2,SHE,988,Waitemata
13/03/2017,2,1,SHE,275,Waitemata
13/03/2017,2,2,SHE,383,Waitemata
13/03/2017,2,3,SHE,305,Waitemata
13/03/2017,3,1,SHE,168,Waitemata
13/03/2017,3,2,SHE,62,Waitemata
13/03/2017,3,3,SHE,95,Waitemata
27/03/2017,3,1,SHE,146,Waitemata
27/03/2017,3,2,SHE,132,Waitemata
27/03/2017,3,3,SHE,169,Waitemata
5/04/2017,3,1,SHE,573,Waitemata
5/04/2017,3,2,SHE,717,Waitemata
5/04/2017,3,3,SHE,743,Waitemata
12/05/2017,1,1,SHE,238,Waitemata
12/05/2017,1,2,SHE,288,Waitemata
12/05/2017,1,3,SHE,331,Waitemata
12/05/2017,2,1,SHE,556,Waitemata
12/05/2017,2,2,SHE,546,Waitemata
12/05/2017,2,3,SHE,801,Waitemata
12/05/2017,3,2,SHE,750,Waitemata
31/05/2017,1,1,SHE,158,Waitemata
31/05/2017,1,2,SHE,213,Waitemata
31/05/2017,1,3,SHE,183,Waitemata
31/05/2017,2,1,SHE,228,Waitemata
31/05/2017,2,2,SHE,479,Waitemata
31/05/2017,2,3,SHE,504,Waitemata
31/05/2017,3,1,SHE,269,Waitemata
31/05/2017,3,2,SHE,428,Waitemata
31/05/2017,3,3,SHE,288,Waitemata
21/06/2017,1,1,SHE,134,Waitemata
21/06/2017,1,2,SHE,95,Waitemata
21/06/2017,1,3,SHE,109,Waitemata
21/06/2017,2,1,SHE,10,Waitemata
21/06/2017,2,2,SHE,10,Waitemata
21/06/2017,2,3,SHE,10,Waitemata
21/06/2017,3,1,SHE,31,Waitemata
21/06/2017,3,2,SHE,62,Waitemata
21/06/2017,3,3,SHE,41,Waitemata
4/07/2017,1,1,SHE,52,Waitemata
4/07/2017,1,2,SHE,118,Waitemata
4/07/2017,1,3,SHE,183,Waitemata
4/07/2017,2,1,SHE,10,Waitemata
4/07/2017,2,2,SHE,20,Waitemata
4/07/2017,2,3,SHE,20,Waitemata
4/07/2017,3,1,SHE,63,Waitemata
4/07/2017,3,2,SHE,63,Waitemata
4/07/2017,3,3,SHE,135,Waitemata
13/07/2017,1,1,SHE,10,Waitemata
13/07/2017,1,2,SHE,30,Waitemata
13/07/2017,1,3,SHE,10,Waitemata
13/07/2017,2,1,SHE,31,Waitemata
13/07/2017,2,2,SHE,20,Waitemata
13/07/2017,2,3,SHE,51,Waitemata
13/07/2017,3,1,SHE,84,Waitemata
13/07/2017,3,2,SHE,41,Waitemata
13/07/2017,3,3,SHE,31,Waitemata
8/03/2017,1,1,SHC,161,Waitemata
8/03/2017,1,2,SHC,63,Waitemata
8/03/2017,1,3,SHC,175,Waitemata
8/03/2017,2,1,SHC,201,Waitemata
8/03/2017,2,2,SHC,201,Waitemata
8/03/2017,2,3,SHC,109,Waitemata
8/03/2017,3,1,SHC,341,Waitemata
8/03/2017,3,2,SHC,318,Waitemata
8/03/2017,3,3,SHC,388,Waitemata
13/03/2017,2,1,SHC,443,Waitemata
13/03/2017,2,2,SHC,328,Waitemata
13/03/2017,2,3,SHC,272,Waitemata
13/03/2017,3,1,SHC,259,Waitemata
13/03/2017,3,2,SHC,98,Waitemata
13/03/2017,3,3,SHC,144,Waitemata
27/03/2017,3,1,SHC,272,Waitemata
27/03/2017,3,2,SHC,175,Waitemata
27/03/2017,3,3,SHC,51,Waitemata
12/05/2017,1,1,SHC,465,Waitemata
12/05/2017,1,2,SHC,683,Waitemata
12/05/2017,1,3,SHC,703,Waitemata
12/05/2017,3,1,SHC,723,Waitemata
12/05/2017,3,2,SHC,620,Waitemata
12/05/2017,3,3,SHC,708,Waitemata
18/05/2017,3,1,SHC,613,Waitemata
18/05/2017,3,2,SHC,521,Waitemata
18/05/2017,3,3,SHC,663,Waitemata
31/05/2017,1,1,SHC,275,Waitemata
31/05/2017,1,2,SHC,195,Waitemata
31/05/2017,1,3,SHC,171,Waitemata
31/05/2017,2,3,SHC,988,Waitemata
31/05/2017,3,1,SHC,185,Waitemata
31/05/2017,3,2,SHC,216,Waitemata
31/05/2017,3,3,SHC,52,Waitemata
21/06/2017,1,3,SHC,203,Waitemata
21/06/2017,2,1,SHC,20,Waitemata
21/06/2017,2,2,SHC,30,Waitemata
21/06/2017,2,3,SHC,52,Waitemata
21/06/2017,3,1,SHC,10,Waitemata
21/06/2017,3,2,SHC,10,Waitemata
21/06/2017,3,3,SHC,20,Waitemata
4/07/2017,1,1,SHC,185,Waitemata
4/07/2017,1,2,SHC,221,Waitemata
4/07/2017,1,3,SHC,218,Waitemata
4/07/2017,2,1,SHC,108,Waitemata
4/07/2017,2,2,SHC,63,Waitemata
4/07/2017,2,3,SHC,31,Waitemata
4/07/2017,3,1,SHC,10,Waitemata
4/07/2017,3,2,SHC,52,Waitemata
4/07/2017,3,3,SHC,31,Waitemata
13/07/2017,1,1,SHC,41,Waitemata
13/07/2017,1,2,SHC,10,Waitemata
13/07/2017,1,3,SHC,52,Waitemata
13/07/2017,2,1,SHC,108,Waitemata
13/07/2017,2,2,SHC,75,Waitemata
13/07/2017,2,3,SHC,41,Waitemata
13/07/2017,3,1,SHC,10,Waitemata
13/07/2017,3,2,SHC,10,Waitemata
13/07/2017,3,3,SHC,20,Waitemata
8/03/2017,1,1,SHW,422,Waitemata
8/03/2017,1,2,SHW,175,Waitemata
8/03/2017,1,3,SHW,246,Waitemata
8/03/2017,2,1,SHW,355,Waitemata
8/03/2017,2,2,SHW,262,Waitemata
8/03/2017,2,3,SHW,256,Waitemata
13/03/2017,1,2,SHW,987,Waitemata
13/03/2017,1,3,SHW,933,Waitemata
13/03/2017,2,1,SHW,197,Waitemata
13/03/2017,2,2,SHW,195,Waitemata
13/03/2017,2,3,SHW,158,Waitemata
13/03/2017,3,1,SHW,20,Waitemata
13/03/2017,3,2,SHW,20,Waitemata
13/03/2017,3,3,SHW,10,Waitemata
12/05/2017,3,1,SHW,882,Waitemata
31/05/2017,1,1,SHW,414,Waitemata
31/05/2017,1,2,SHW,465,Waitemata
31/05/2017,1,3,SHW,459,Waitemata
31/05/2017,2,1,SHW,243,Waitemata
31/05/2017,2,2,SHW,327,Waitemata
31/05/2017,2,3,SHW,228,Waitemata
31/05/2017,3,1,SHW,63,Waitemata
31/05/2017,3,2,SHW,52,Waitemata
31/05/2017,3,3,SHW,74,Waitemata
21/06/2017,1,1,SHW,20,Waitemata
21/06/2017,1,2,SHW,10,Waitemata
21/06/2017,1,3,SHW,30,Waitemata
21/06/2017,2,1,SHW,10,Waitemata
21/06/2017,2,2,SHW,10,Waitemata
21/06/2017,2,3,SHW,10,Waitemata
21/06/2017,3,1,SHW,20,Waitemata
21/06/2017,3,2,SHW,10,Waitemata
21/06/2017,3,3,SHW,30,Waitemata
4/07/2017,1,1,SHW,41,Waitemata
4/07/2017,1,2,SHW,31,Waitemata
4/07/2017,1,3,SHW,109,Waitemata
4/07/2017,2,1,SHW,20,Waitemata
4/07/2017,2,2,SHW,31,Waitemata
4/07/2017,2,3,SHW,10,Waitemata
4/07/2017,3,1,SHW,10,Waitemata
4/07/2017,3,2,SHW,10,Waitemata
4/07/2017,3,3,SHW,20,Waitemata
13/07/2017,1,1,SHW,41,Waitemata
13/07/2017,1,2,SHW,20,Waitemata
13/07/2017,1,3,SHW,10,Waitemata
13/07/2017,2,1,SHW,52,Waitemata
13/07/2017,2,2,SHW,10,Waitemata
13/07/2017,2,3,SHW,20,Waitemata
13/07/2017,3,1,SHW,10,Waitemata
13/07/2017,3,2,SHW,10,Waitemata
13/07/2017,3,3,SHW,10,Waitemata
